source_name,extracted_at,location_id,city_name,country_code,timestamp,latitude,longitude,timezone,pm10,pm2_5,carbon_monoxide,nitrogen_dioxide,ozone,european_aqi
air_quality,2026-06-01T10:49:28+00:00,3117735,Madrid,ES,2026-06-01T00:00,40.4,-3.6999989,Europe/Madrid,10.4,6.9,111.0,10.2,57.0,23
air_quality,2026-06-01T10:49:28+00:00,3117735,Madrid,ES,2026-06-01T01:00,40.4,-3.6999989,Europe/Madrid,13.7,7.7,117.0,9.1,58.0,23
air_quality,2026-06-01T10:49:28+00:00,3117735,Madrid,ES,2026-06-01T02:00,40.4,-3.6999989,Europe/Madrid,14.9,7.1,115.0,3.8,66.0,26
air_quality,2026-06-01T10:49:28+00:00,3117735,Madrid,ES,2026-06-01T03:00,40.4,-3.6999989,Europe/Madrid,15.0,6.7,116.0,3.1,65.0,26
air_quality,2026-06-01T10:49:28+00:00,3117735,Madrid,ES,2026-06-01T04:00,40.4,-3.6999989,Europe/Madrid,14.8,6.7,115.0,2.8,64.0,26
air_quality,2026-06-01T10:49:28+00:00,3117735,Madrid,ES,2026-06-01T05:00,40.4,-3.6999989,Europe/Madrid,14.5,6.8,114.0,3.4,64.0,26
air_quality,2026-06-01T10:49:28+00:00,3117735,Madrid,ES,2026-06-01T06:00,40.4,-3.6999989,Europe/Madrid,14.3,7.1,115.0,5.2,61.0,24
air_quality,2026-06-01T10:49:28+00:00,3117735,Madrid,ES,2026-06-01T07:00,40.4,-3.6999989,Europe/Madrid,14.5,7.7,118.0,10.5,54.0,22
air_quality,2026-06-01T10:49:28+00:00,3117735,Madrid,ES,2026-06-01T08:00,40.4,-3.6999989,Europe/Madrid,14.7,8.8,129.0,17.5,51.0,20
air_quality,2026-06-01T10:49:28+00:00,3117735,Madrid,ES,2026-06-01T09:00,40.4,-3.6999989,Europe/Madrid,15.2,8.1,133.0,15.3,49.0,20
air_quality,2026-06-01T10:49:28+00:00,3117735,Madrid,ES,2026-06-01T10:00,40.4,-3.6999989,Europe/Madrid,15.4,8.6,135.0,13.6,52.0,21
air_quality,2026-06-01T10:49:28+00:00,3117735,Madrid,ES,2026-06-01T11:00,40.4,-3.6999989,Europe/Madrid,15.2,8.3,134.0,11.1,66.0,26
air_quality,2026-06-01T10:49:28+00:00,3117735,Madrid,ES,2026-06-01T12:00,40.4,-3.6999989,Europe/Madrid,16.1,8.9,135.0,9.6,84.0,34
air_quality,2026-06-01T10:49:28+00:00,3117735,Madrid,ES,2026-06-01T13:00,40.4,-3.6999989,Europe/Madrid,17.0,9.0,127.0,9.0,101.0,41
air_quality,2026-06-01T10:49:28+00:00,3117735,Madrid,ES,2026-06-01T14:00,40.4,-3.6999989,Europe/Madrid,16.9,8.4,119.0,5.9,115.0,50
air_quality,2026-06-01T10:49:28+00:00,3117735,Madrid,ES,2026-06-01T15:00,40.4,-3.6999989,Europe/Madrid,14.1,6.9,114.0,3.6,115.0,50
air_quality,2026-06-01T10:49:28+00:00,3117735,Madrid,ES,2026-06-01T16:00,40.4,-3.6999989,Europe/Madrid,10.6,6.2,107.0,3.1,97.0,39
air_quality,2026-06-01T10:49:28+00:00,3117735,Madrid,ES,2026-06-01T17:00,40.4,-3.6999989,Europe/Madrid,9.2,6.1,106.0,3.3,90.0,36
air_quality,2026-06-01T10:49:28+00:00,3117735,Madrid,ES,2026-06-01T18:00,40.4,-3.6999989,Europe/Madrid,10.1,6.2,107.0,3.7,90.0,36
air_quality,2026-06-01T10:49:28+00:00,3117735,Madrid,ES,2026-06-01T19:00,40.4,-3.6999989,Europe/Madrid,10.8,6.1,109.0,4.5,89.0,36
air_quality,2026-06-01T10:49:28+00:00,3117735,Madrid,ES,2026-06-01T20:00,40.4,-3.6999989,Europe/Madrid,10.4,5.8,110.0,6.4,85.0,34
air_quality,2026-06-01T10:49:28+00:00,3117735,Madrid,ES,2026-06-01T21:00,40.4,-3.6999989,Europe/Madrid,8.5,5.4,109.0,7.1,83.0,33
air_quality,2026-06-01T10:49:28+00:00,3117735,Madrid,ES,2026-06-01T22:00,40.4,-3.6999989,Europe/Madrid,8.4,6.3,111.0,8.0,72.0,29
air_quality,2026-06-01T10:49:28+00:00,3117735,Madrid,ES,2026-06-01T23:00,40.4,-3.6999989,Europe/Madrid,8.7,6.0,113.0,7.3,65.0,26
air_quality,2026-06-01T10:49:28+00:00,3117735,Madrid,ES,2026-06-02T00:00,40.4,-3.6999989,Europe/Madrid,6.5,4.8,109.0,7.4,61.0,24
air_quality,2026-06-01T10:49:28+00:00,3117735,Madrid,ES,2026-06-02T01:00,40.4,-3.6999989,Europe/Madrid,5.7,4.2,106.0,6.1,62.0,25
air_quality,2026-06-01T10:49:28+00:00,3117735,Madrid,ES,2026-06-02T02:00,40.4,-3.6999989,Europe/Madrid,6.1,4.2,107.0,5.2,62.0,25
air_quality,2026-06-01T10:49:28+00:00,3117735,Madrid,ES,2026-06-02T03:00,40.4,-3.6999989,Europe/Madrid,7.8,4.7,111.0,4.4,64.0,26
air_quality,2026-06-01T10:49:28+00:00,3117735,Madrid,ES,2026-06-02T04:00,40.4,-3.6999989,Europe/Madrid,8.0,4.5,113.0,4.2,60.0,24
air_quality,2026-06-01T10:49:28+00:00,3117735,Madrid,ES,2026-06-02T05:00,40.4,-3.6999989,Europe/Madrid,8.0,4.5,113.0,4.7,57.0,23
air_quality,2026-06-01T10:49:28+00:00,3117735,Madrid,ES,2026-06-02T06:00,40.4,-3.6999989,Europe/Madrid,6.9,4.7,111.0,5.9,51.0,20
air_quality,2026-06-01T10:49:28+00:00,3117735,Madrid,ES,2026-06-02T07:00,40.4,-3.6999989,Europe/Madrid,7.6,4.8,111.0,10.4,48.0,19
air_quality,2026-06-01T10:49:28+00:00,3117735,Madrid,ES,2026-06-02T08:00,40.4,-3.6999989,Europe/Madrid,7.4,4.9,115.0,13.6,43.0,17
air_quality,2026-06-01T10:49:28+00:00,3117735,Madrid,ES,2026-06-02T09:00,40.4,-3.6999989,Europe/Madrid,7.5,4.9,110.0,11.7,44.0,18
air_quality,2026-06-01T10:49:28+00:00,3117735,Madrid,ES,2026-06-02T10:00,40.4,-3.6999989,Europe/Madrid,6.9,4.3,102.0,8.9,53.0,21
air_quality,2026-06-01T10:49:28+00:00,3117735,Madrid,ES,2026-06-02T11:00,40.4,-3.6999989,Europe/Madrid,5.7,3.5,97.0,3.8,59.0,24
air_quality,2026-06-01T10:49:28+00:00,3117735,Madrid,ES,2026-06-02T12:00,40.4,-3.6999989,Europe/Madrid,4.6,3.0,98.0,3.0,70.0,28
air_quality,2026-06-01T10:49:28+00:00,3117735,Madrid,ES,2026-06-02T13:00,40.4,-3.6999989,Europe/Madrid,4.7,2.4,100.0,2.6,78.0,31
air_quality,2026-06-01T10:49:28+00:00,3117735,Madrid,ES,2026-06-02T14:00,40.4,-3.6999989,Europe/Madrid,4.6,2.4,101.0,2.4,82.0,33
air_quality,2026-06-01T10:49:28+00:00,3117735,Madrid,ES,2026-06-02T15:00,40.4,-3.6999989,Europe/Madrid,4.2,2.6,101.0,2.3,86.0,34
air_quality,2026-06-01T10:49:28+00:00,3117735,Madrid,ES,2026-06-02T16:00,40.4,-3.6999989,Europe/Madrid,4.0,2.1,101.0,2.4,87.0,35
air_quality,2026-06-01T10:49:28+00:00,3117735,Madrid,ES,2026-06-02T17:00,40.4,-3.6999989,Europe/Madrid,3.8,2.1,101.0,2.6,86.0,34
air_quality,2026-06-01T10:49:28+00:00,3117735,Madrid,ES,2026-06-02T18:00,40.4,-3.6999989,Europe/Madrid,4.0,2.2,100.0,2.3,85.0,34
air_quality,2026-06-01T10:49:28+00:00,3117735,Madrid,ES,2026-06-02T19:00,40.4,-3.6999989,Europe/Madrid,4.3,2.4,101.0,3.4,84.0,34
air_quality,2026-06-01T10:49:28+00:00,3117735,Madrid,ES,2026-06-02T20:00,40.4,-3.6999989,Europe/Madrid,4.2,2.5,103.0,5.2,81.0,32
air_quality,2026-06-01T10:49:28+00:00,3117735,Madrid,ES,2026-06-02T21:00,40.4,-3.6999989,Europe/Madrid,4.0,2.6,103.0,5.5,77.0,31
air_quality,2026-06-01T10:49:28+00:00,3117735,Madrid,ES,2026-06-02T22:00,40.4,-3.6999989,Europe/Madrid,4.0,2.6,106.0,6.7,70.0,28
air_quality,2026-06-01T10:49:28+00:00,3117735,Madrid,ES,2026-06-02T23:00,40.4,-3.6999989,Europe/Madrid,4.4,3.0,106.0,7.3,66.0,26
air_quality,2026-06-01T10:49:28+00:00,3117735,Madrid,ES,2026-06-03T00:00,40.4,-3.6999989,Europe/Madrid,4.4,3.3,105.0,8.0,56.0,22
air_quality,2026-06-01T10:49:28+00:00,3117735,Madrid,ES,2026-06-03T01:00,40.4,-3.6999989,Europe/Madrid,4.7,2.9,108.0,6.7,63.0,25
air_quality,2026-06-01T10:49:28+00:00,3117735,Madrid,ES,2026-06-03T02:00,40.4,-3.6999989,Europe/Madrid,4.4,2.5,104.0,4.1,60.0,24
air_quality,2026-06-01T10:49:28+00:00,3117735,Madrid,ES,2026-06-03T03:00,40.4,-3.6999989,Europe/Madrid,4.8,2.9,107.0,3.3,59.0,24
air_quality,2026-06-01T10:49:28+00:00,3117735,Madrid,ES,2026-06-03T04:00,40.4,-3.6999989,Europe/Madrid,5.7,3.3,109.0,3.4,57.0,23
air_quality,2026-06-01T10:49:28+00:00,3117735,Madrid,ES,2026-06-03T05:00,40.4,-3.6999989,Europe/Madrid,6.9,3.4,111.0,4.2,56.0,22
air_quality,2026-06-01T10:49:28+00:00,3117735,Madrid,ES,2026-06-03T06:00,40.4,-3.6999989,Europe/Madrid,7.2,4.2,113.0,6.0,54.0,22
air_quality,2026-06-01T10:49:28+00:00,3117735,Madrid,ES,2026-06-03T07:00,40.4,-3.6999989,Europe/Madrid,7.3,4.4,115.0,10.1,51.0,20
air_quality,2026-06-01T10:49:28+00:00,3117735,Madrid,ES,2026-06-03T08:00,40.4,-3.6999989,Europe/Madrid,8.8,5.2,121.0,13.3,48.0,19
air_quality,2026-06-01T10:49:28+00:00,3117735,Madrid,ES,2026-06-03T09:00,40.4,-3.6999989,Europe/Madrid,8.6,4.9,120.0,11.5,52.0,21
air_quality,2026-06-01T10:49:28+00:00,3117735,Madrid,ES,2026-06-03T10:00,40.4,-3.6999989,Europe/Madrid,8.6,4.6,118.0,10.6,56.0,22
air_quality,2026-06-01T10:49:28+00:00,3117735,Madrid,ES,2026-06-03T11:00,40.4,-3.6999989,Europe/Madrid,8.1,4.1,113.0,7.8,61.0,24
air_quality,2026-06-01T10:49:28+00:00,3117735,Madrid,ES,2026-06-03T12:00,40.4,-3.6999989,Europe/Madrid,8.0,4.4,113.0,6.4,72.0,29
air_quality,2026-06-01T10:49:28+00:00,3117735,Madrid,ES,2026-06-03T13:00,40.4,-3.6999989,Europe/Madrid,8.9,4.3,114.0,6.2,85.0,34
air_quality,2026-06-01T10:49:28+00:00,3117735,Madrid,ES,2026-06-03T14:00,40.4,-3.6999989,Europe/Madrid,9.6,4.3,115.0,7.4,95.0,38
air_quality,2026-06-01T10:49:28+00:00,3117735,Madrid,ES,2026-06-03T15:00,40.4,-3.6999989,Europe/Madrid,10.1,4.3,117.0,8.1,109.0,46
air_quality,2026-06-01T10:49:28+00:00,3117735,Madrid,ES,2026-06-03T16:00,40.4,-3.6999989,Europe/Madrid,10.8,4.5,116.0,7.7,116.0,51
air_quality,2026-06-01T10:49:28+00:00,3117735,Madrid,ES,2026-06-03T17:00,40.4,-3.6999989,Europe/Madrid,10.3,4.5,115.0,7.6,121.0,54
air_quality,2026-06-01T10:49:28+00:00,3117735,Madrid,ES,2026-06-03T18:00,40.4,-3.6999989,Europe/Madrid,7.7,4.4,115.0,7.4,117.0,51
air_quality,2026-06-01T10:49:28+00:00,3117735,Madrid,ES,2026-06-03T19:00,40.4,-3.6999989,Europe/Madrid,6.3,4.4,114.0,7.2,102.0,41
air_quality,2026-06-01T10:49:28+00:00,3117735,Madrid,ES,2026-06-03T20:00,40.4,-3.6999989,Europe/Madrid,6.2,3.7,113.0,8.5,95.0,38
air_quality,2026-06-01T10:49:28+00:00,3117735,Madrid,ES,2026-06-03T21:00,40.4,-3.6999989,Europe/Madrid,6.8,3.4,114.0,10.3,85.0,34
air_quality,2026-06-01T10:49:28+00:00,3117735,Madrid,ES,2026-06-03T22:00,40.4,-3.6999989,Europe/Madrid,6.7,3.9,116.0,11.4,74.0,30
air_quality,2026-06-01T10:49:28+00:00,3117735,Madrid,ES,2026-06-03T23:00,40.4,-3.6999989,Europe/Madrid,6.5,4.0,116.0,11.0,61.0,24
air_quality,2026-06-01T10:49:28+00:00,3117735,Madrid,ES,2026-06-04T00:00,40.4,-3.6999989,Europe/Madrid,6.9,5.0,117.5,15.3,60.2,22
air_quality,2026-06-01T10:49:28+00:00,3117735,Madrid,ES,2026-06-04T01:00,40.4,-3.6999989,Europe/Madrid,7.3,5.7,120.0,16.1,56.5,22
air_quality,2026-06-01T10:49:28+00:00,3117735,Madrid,ES,2026-06-04T02:00,40.4,-3.6999989,Europe/Madrid,7.8,6.4,120.8,19.9,52.0,21
air_quality,2026-06-01T10:49:28+00:00,3117735,Madrid,ES,2026-06-04T03:00,40.4,-3.6999989,Europe/Madrid,9.1,7.7,121.0,24.5,43.0,15
air_quality,2026-06-01T10:49:28+00:00,3117735,Madrid,ES,2026-06-04T04:00,40.4,-3.6999989,Europe/Madrid,10.4,8.4,117.0,24.4,36.0,14
air_quality,2026-06-01T10:49:28+00:00,3117735,Madrid,ES,2026-06-04T05:00,40.4,-3.6999989,Europe/Madrid,11.7,9.0,114.0,23.5,30.0,12
air_quality,2026-06-01T10:49:28+00:00,3117735,Madrid,ES,2026-06-04T06:00,40.4,-3.6999989,Europe/Madrid,13.1,9.5,113.0,21.9,24.0,12
air_quality,2026-06-01T10:49:28+00:00,3117735,Madrid,ES,2026-06-04T07:00,40.4,-3.6999989,Europe/Madrid,14.6,10.1,113.0,19.6,21.0,12
air_quality,2026-06-01T10:49:28+00:00,3117735,Madrid,ES,2026-06-04T08:00,40.4,-3.6999989,Europe/Madrid,15.9,10.8,114.0,16.6,23.0,12
air_quality,2026-06-01T10:49:28+00:00,3117735,Madrid,ES,2026-06-04T09:00,40.4,-3.6999989,Europe/Madrid,21.1,12.3,116.0,12.4,36.0,14
air_quality,2026-06-01T10:49:28+00:00,3117735,Madrid,ES,2026-06-04T10:00,40.4,-3.6999989,Europe/Madrid,22.2,12.1,120.0,7.6,55.0,22
air_quality,2026-06-01T10:49:28+00:00,3117735,Madrid,ES,2026-06-04T11:00,40.4,-3.6999989,Europe/Madrid,19.6,10.9,121.0,4.0,73.0,29
air_quality,2026-06-01T10:49:28+00:00,3117735,Madrid,ES,2026-06-04T12:00,40.4,-3.6999989,Europe/Madrid,16.9,9.6,119.0,2.4,87.0,35
air_quality,2026-06-01T10:49:28+00:00,3117735,Madrid,ES,2026-06-04T13:00,40.4,-3.6999989,Europe/Madrid,14.3,8.3,116.0,2.0,100.0,40
air_quality,2026-06-01T10:49:28+00:00,3117735,Madrid,ES,2026-06-04T14:00,40.4,-3.6999989,Europe/Madrid,11.8,6.9,113.0,1.8,109.0,46
air_quality,2026-06-01T10:49:28+00:00,3117735,Madrid,ES,2026-06-04T15:00,40.4,-3.6999989,Europe/Madrid,9.4,5.5,112.0,1.6,112.0,48
air_quality,2026-06-01T10:49:28+00:00,3117735,Madrid,ES,2026-06-04T16:00,40.4,-3.6999989,Europe/Madrid,7.3,4.3,112.0,1.6,110.0,47
air_quality,2026-06-01T10:49:28+00:00,3117735,Madrid,ES,2026-06-04T17:00,40.4,-3.6999989,Europe/Madrid,6.0,3.6,112.0,1.8,108.0,45
air_quality,2026-06-01T10:49:28+00:00,3117735,Madrid,ES,2026-06-04T18:00,40.4,-3.6999989,Europe/Madrid,5.5,3.4,113.0,2.2,106.0,44
air_quality,2026-06-01T10:49:28+00:00,3117735,Madrid,ES,2026-06-04T19:00,40.4,-3.6999989,Europe/Madrid,5.2,3.2,116.0,2.8,103.0,42
air_quality,2026-06-01T10:49:28+00:00,3117735,Madrid,ES,2026-06-04T20:00,40.4,-3.6999989,Europe/Madrid,4.6,3.0,117.0,3.5,100.0,40
air_quality,2026-06-01T10:49:28+00:00,3117735,Madrid,ES,2026-06-04T21:00,40.4,-3.6999989,Europe/Madrid,4.0,2.7,117.0,4.3,99.0,40
air_quality,2026-06-01T10:49:28+00:00,3117735,Madrid,ES,2026-06-04T22:00,40.4,-3.6999989,Europe/Madrid,4.0,2.8,116.0,5.1,99.0,40
air_quality,2026-06-01T10:49:28+00:00,3117735,Madrid,ES,2026-06-04T23:00,40.4,-3.6999989,Europe/Madrid,4.1,3.0,116.0,5.5,97.0,39
air_quality,2026-06-01T10:49:28+00:00,3117735,Madrid,ES,2026-06-05T00:00,40.4,-3.6999989,Europe/Madrid,4.4,3.3,116.0,5.3,90.0,36
air_quality,2026-06-01T10:49:28+00:00,3117735,Madrid,ES,2026-06-05T01:00,40.4,-3.6999989,Europe/Madrid,5.2,3.8,117.0,4.7,81.0,32
air_quality,2026-06-01T10:49:28+00:00,3117735,Madrid,ES,2026-06-05T02:00,40.4,-3.6999989,Europe/Madrid,7.8,5.4,117.2,4.2,74.0,30
air_quality,2026-06-01T10:49:28+00:00,3117735,Madrid,ES,2026-06-05T03:00,40.4,-3.6999989,Europe/Madrid,10.1,6.7,117.0,3.8,70.0,28
air_quality,2026-06-01T10:49:28+00:00,3117735,Madrid,ES,2026-06-05T04:00,40.4,-3.6999989,Europe/Madrid,10.9,7.2,116.2,3.3,68.0,27
air_quality,2026-06-01T10:49:28+00:00,3117735,Madrid,ES,2026-06-05T05:00,40.4,-3.6999989,Europe/Madrid,10.9,7.2,116.0,3.1,67.0,27
air_quality,2026-06-01T10:49:28+00:00,3117735,Madrid,ES,2026-06-05T06:00,40.4,-3.6999989,Europe/Madrid,10.7,7.0,116.0,3.2,65.0,26
air_quality,2026-06-01T10:49:28+00:00,3117735,Madrid,ES,2026-06-05T07:00,40.4,-3.6999989,Europe/Madrid,10.3,6.8,116.0,3.4,63.0,25
air_quality,2026-06-01T10:49:28+00:00,3117735,Madrid,ES,2026-06-05T08:00,40.4,-3.6999989,Europe/Madrid,9.8,6.6,117.0,3.6,64.0,26
air_quality,2026-06-01T10:49:28+00:00,3117735,Madrid,ES,2026-06-05T09:00,40.4,-3.6999989,Europe/Madrid,9.3,6.3,118.0,3.7,69.0,28
air_quality,2026-06-01T10:49:28+00:00,3117735,Madrid,ES,2026-06-05T10:00,40.4,-3.6999989,Europe/Madrid,8.8,6.1,120.0,3.8,76.0,30
air_quality,2026-06-01T10:49:28+00:00,3117735,Madrid,ES,2026-06-05T11:00,40.4,-3.6999989,Europe/Madrid,8.3,5.8,121.0,3.7,84.0,34
air_quality,2026-06-01T10:49:28+00:00,3117735,Madrid,ES,2026-06-05T12:00,40.4,-3.6999989,Europe/Madrid,8.1,5.6,121.0,3.1,94.0,38
air_quality,2026-06-01T10:49:28+00:00,3117735,Madrid,ES,2026-06-05T13:00,40.4,-3.6999989,Europe/Madrid,8.4,5.7,120.0,2.3,105.0,43
air_quality,2026-06-01T10:49:28+00:00,3117735,Madrid,ES,2026-06-05T14:00,40.4,-3.6999989,Europe/Madrid,8.7,5.9,120.0,1.7,116.0,51
air_quality,2026-06-01T10:49:28+00:00,3117735,Madrid,ES,2026-06-05T15:00,40.4,-3.6999989,Europe/Madrid,9.2,6.2,120.0,1.6,125.0,57
air_quality,2026-06-01T10:49:28+00:00,3117735,Madrid,ES,2026-06-05T16:00,40.4,-3.6999989,Europe/Madrid,9.6,6.5,121.0,1.8,134.0,61
air_quality,2026-06-01T10:49:28+00:00,3117735,Madrid,ES,2026-06-05T17:00,40.4,-3.6999989,Europe/Madrid,10.0,6.8,122.0,2.2,140.0,62
air_quality,2026-06-01T10:49:28+00:00,3117735,Madrid,ES,2026-06-05T18:00,40.4,-3.6999989,Europe/Madrid,10.2,7.0,122.0,2.5,143.0,62
air_quality,2026-06-01T10:49:28+00:00,3117735,Madrid,ES,2026-06-05T19:00,40.4,-3.6999989,Europe/Madrid,10.4,7.1,123.0,2.9,144.0,63
air_quality,2026-06-01T10:49:28+00:00,3117735,Madrid,ES,2026-06-05T20:00,40.4,-3.6999989,Europe/Madrid,10.2,7.0,124.0,4.5,140.0,62
air_quality,2026-06-01T10:49:28+00:00,3117735,Madrid,ES,2026-06-05T21:00,40.4,-3.6999989,Europe/Madrid,9.8,6.8,127.0,7.8,129.0,59
air_quality,2026-06-01T10:49:28+00:00,3117735,Madrid,ES,2026-06-05T22:00,40.4,-3.6999989,Europe/Madrid,10.2,7.6,131.0,12.3,113.0,49
air_quality,2026-06-01T10:49:28+00:00,3117735,Madrid,ES,2026-06-05T23:00,40.4,-3.6999989,Europe/Madrid,10.7,8.2,135.0,16.6,98.0,39
air_quality,2026-06-01T10:49:28+00:00,3128760,Barcelona,ES,2026-06-01T00:00,41.4,2.2000008,Europe/Madrid,22.4,13.8,147.0,47.3,61.0,32
air_quality,2026-06-01T10:49:28+00:00,3128760,Barcelona,ES,2026-06-01T01:00,41.4,2.2000008,Europe/Madrid,23.6,15.2,154.0,57.0,49.0,32
air_quality,2026-06-01T10:49:28+00:00,3128760,Barcelona,ES,2026-06-01T02:00,41.4,2.2000008,Europe/Madrid,25.5,16.7,157.0,53.1,34.0,32
air_quality,2026-06-01T10:49:28+00:00,3128760,Barcelona,ES,2026-06-01T03:00,41.4,2.2000008,Europe/Madrid,28.5,19.5,165.0,57.9,35.0,32
air_quality,2026-06-01T10:49:28+00:00,3128760,Barcelona,ES,2026-06-01T04:00,41.4,2.2000008,Europe/Madrid,28.6,19.6,170.0,67.3,40.0,33
air_quality,2026-06-01T10:49:28+00:00,3128760,Barcelona,ES,2026-06-01T05:00,41.4,2.2000008,Europe/Madrid,30.4,22.0,162.0,67.6,38.0,33
air_quality,2026-06-01T10:49:28+00:00,3128760,Barcelona,ES,2026-06-01T06:00,41.4,2.2000008,Europe/Madrid,31.7,22.5,165.0,57.7,37.0,33
air_quality,2026-06-01T10:49:28+00:00,3128760,Barcelona,ES,2026-06-01T07:00,41.4,2.2000008,Europe/Madrid,30.9,22.5,174.0,53.5,33.0,33
air_quality,2026-06-01T10:49:28+00:00,3128760,Barcelona,ES,2026-06-01T08:00,41.4,2.2000008,Europe/Madrid,29.8,22.1,177.0,58.1,32.0,33
air_quality,2026-06-01T10:49:28+00:00,3128760,Barcelona,ES,2026-06-01T09:00,41.4,2.2000008,Europe/Madrid,29.2,20.4,179.0,52.2,51.0,33
air_quality,2026-06-01T10:49:28+00:00,3128760,Barcelona,ES,2026-06-01T10:00,41.4,2.2000008,Europe/Madrid,27.9,16.9,168.0,36.7,77.0,32
air_quality,2026-06-01T10:49:28+00:00,3128760,Barcelona,ES,2026-06-01T11:00,41.4,2.2000008,Europe/Madrid,23.1,14.3,158.0,24.8,83.0,33
air_quality,2026-06-01T10:49:28+00:00,3128760,Barcelona,ES,2026-06-01T12:00,41.4,2.2000008,Europe/Madrid,17.4,12.1,146.0,18.3,89.0,36
air_quality,2026-06-01T10:49:28+00:00,3128760,Barcelona,ES,2026-06-01T13:00,41.4,2.2000008,Europe/Madrid,16.3,11.5,133.0,14.6,97.0,39
air_quality,2026-06-01T10:49:28+00:00,3128760,Barcelona,ES,2026-06-01T14:00,41.4,2.2000008,Europe/Madrid,16.6,10.9,128.0,10.3,107.0,45
air_quality,2026-06-01T10:49:28+00:00,3128760,Barcelona,ES,2026-06-01T15:00,41.4,2.2000008,Europe/Madrid,17.2,10.6,128.0,9.7,107.0,45
air_quality,2026-06-01T10:49:28+00:00,3128760,Barcelona,ES,2026-06-01T16:00,41.4,2.2000008,Europe/Madrid,17.9,10.6,129.0,10.2,106.0,44
air_quality,2026-06-01T10:49:28+00:00,3128760,Barcelona,ES,2026-06-01T17:00,41.4,2.2000008,Europe/Madrid,18.2,10.6,132.0,9.9,103.0,42
air_quality,2026-06-01T10:49:28+00:00,3128760,Barcelona,ES,2026-06-01T18:00,41.4,2.2000008,Europe/Madrid,18.8,10.8,134.0,11.1,96.0,38
air_quality,2026-06-01T10:49:28+00:00,3128760,Barcelona,ES,2026-06-01T19:00,41.4,2.2000008,Europe/Madrid,21.3,11.1,133.0,13.9,94.0,38
air_quality,2026-06-01T10:49:28+00:00,3128760,Barcelona,ES,2026-06-01T20:00,41.4,2.2000008,Europe/Madrid,20.3,10.2,132.0,18.8,87.0,35
air_quality,2026-06-01T10:49:28+00:00,3128760,Barcelona,ES,2026-06-01T21:00,41.4,2.2000008,Europe/Madrid,17.9,9.8,133.0,26.9,78.0,31
air_quality,2026-06-01T10:49:28+00:00,3128760,Barcelona,ES,2026-06-01T22:00,41.4,2.2000008,Europe/Madrid,18.7,9.8,134.0,31.7,71.0,30
air_quality,2026-06-01T10:49:28+00:00,3128760,Barcelona,ES,2026-06-01T23:00,41.4,2.2000008,Europe/Madrid,18.9,10.3,139.0,38.0,65.0,30
air_quality,2026-06-01T10:49:28+00:00,3128760,Barcelona,ES,2026-06-02T00:00,41.4,2.2000008,Europe/Madrid,21.5,12.0,142.0,40.7,54.0,29
air_quality,2026-06-01T10:49:28+00:00,3128760,Barcelona,ES,2026-06-02T01:00,41.4,2.2000008,Europe/Madrid,22.2,14.5,150.0,42.7,45.0,29
air_quality,2026-06-01T10:49:28+00:00,3128760,Barcelona,ES,2026-06-02T02:00,41.4,2.2000008,Europe/Madrid,22.7,15.7,154.0,43.4,40.0,29
air_quality,2026-06-01T10:49:28+00:00,3128760,Barcelona,ES,2026-06-02T03:00,41.4,2.2000008,Europe/Madrid,23.4,15.9,155.0,38.4,46.0,29
air_quality,2026-06-01T10:49:28+00:00,3128760,Barcelona,ES,2026-06-02T04:00,41.4,2.2000008,Europe/Madrid,24.3,16.7,153.0,40.2,40.0,29
air_quality,2026-06-01T10:49:28+00:00,3128760,Barcelona,ES,2026-06-02T05:00,41.4,2.2000008,Europe/Madrid,24.8,16.8,153.0,37.4,49.0,29
air_quality,2026-06-01T10:49:28+00:00,3128760,Barcelona,ES,2026-06-02T06:00,41.4,2.2000008,Europe/Madrid,25.2,16.6,155.0,38.0,45.0,28
air_quality,2026-06-01T10:49:28+00:00,3128760,Barcelona,ES,2026-06-02T07:00,41.4,2.2000008,Europe/Madrid,24.9,16.7,162.0,42.7,40.0,28
air_quality,2026-06-01T10:49:28+00:00,3128760,Barcelona,ES,2026-06-02T08:00,41.4,2.2000008,Europe/Madrid,26.4,17.3,174.0,53.6,44.0,27
air_quality,2026-06-01T10:49:28+00:00,3128760,Barcelona,ES,2026-06-02T09:00,41.4,2.2000008,Europe/Madrid,24.8,15.8,179.0,44.5,46.0,27
air_quality,2026-06-01T10:49:28+00:00,3128760,Barcelona,ES,2026-06-02T10:00,41.4,2.2000008,Europe/Madrid,19.8,13.2,168.0,38.9,62.0,26
air_quality,2026-06-01T10:49:28+00:00,3128760,Barcelona,ES,2026-06-02T11:00,41.4,2.2000008,Europe/Madrid,16.6,11.5,150.0,31.5,72.0,29
air_quality,2026-06-01T10:49:28+00:00,3128760,Barcelona,ES,2026-06-02T12:00,41.4,2.2000008,Europe/Madrid,15.4,10.8,138.0,22.9,85.0,34
air_quality,2026-06-01T10:49:28+00:00,3128760,Barcelona,ES,2026-06-02T13:00,41.4,2.2000008,Europe/Madrid,15.5,10.3,130.0,16.4,94.0,38
air_quality,2026-06-01T10:49:28+00:00,3128760,Barcelona,ES,2026-06-02T14:00,41.4,2.2000008,Europe/Madrid,16.4,10.2,128.0,12.2,96.0,38
air_quality,2026-06-01T10:49:28+00:00,3128760,Barcelona,ES,2026-06-02T15:00,41.4,2.2000008,Europe/Madrid,16.5,10.2,128.0,11.0,98.0,39
air_quality,2026-06-01T10:49:28+00:00,3128760,Barcelona,ES,2026-06-02T16:00,41.4,2.2000008,Europe/Madrid,16.2,10.3,126.0,9.7,102.0,41
air_quality,2026-06-01T10:49:28+00:00,3128760,Barcelona,ES,2026-06-02T17:00,41.4,2.2000008,Europe/Madrid,15.8,10.3,125.0,8.2,102.0,41
air_quality,2026-06-01T10:49:28+00:00,3128760,Barcelona,ES,2026-06-02T18:00,41.4,2.2000008,Europe/Madrid,16.1,10.3,127.0,8.1,97.0,39
air_quality,2026-06-01T10:49:28+00:00,3128760,Barcelona,ES,2026-06-02T19:00,41.4,2.2000008,Europe/Madrid,12.0,6.1,123.0,8.9,83.0,33
air_quality,2026-06-01T10:49:28+00:00,3128760,Barcelona,ES,2026-06-02T20:00,41.4,2.2000008,Europe/Madrid,11.9,4.6,118.0,13.9,71.0,28
air_quality,2026-06-01T10:49:28+00:00,3128760,Barcelona,ES,2026-06-02T21:00,41.4,2.2000008,Europe/Madrid,10.0,3.8,119.0,14.9,68.0,27
air_quality,2026-06-01T10:49:28+00:00,3128760,Barcelona,ES,2026-06-02T22:00,41.4,2.2000008,Europe/Madrid,8.2,4.3,114.0,13.4,60.0,24
air_quality,2026-06-01T10:49:28+00:00,3128760,Barcelona,ES,2026-06-02T23:00,41.4,2.2000008,Europe/Madrid,8.0,3.8,114.0,16.1,52.0,24
air_quality,2026-06-01T10:49:28+00:00,3128760,Barcelona,ES,2026-06-03T00:00,41.4,2.2000008,Europe/Madrid,9.4,3.9,117.0,18.1,46.0,23
air_quality,2026-06-01T10:49:28+00:00,3128760,Barcelona,ES,2026-06-03T01:00,41.4,2.2000008,Europe/Madrid,8.5,4.2,121.0,23.1,42.0,22
air_quality,2026-06-01T10:49:28+00:00,3128760,Barcelona,ES,2026-06-03T02:00,41.4,2.2000008,Europe/Madrid,10.2,4.9,122.0,23.1,41.0,22
air_quality,2026-06-01T10:49:28+00:00,3128760,Barcelona,ES,2026-06-03T03:00,41.4,2.2000008,Europe/Madrid,11.8,4.7,118.0,20.2,41.0,21
air_quality,2026-06-01T10:49:28+00:00,3128760,Barcelona,ES,2026-06-03T04:00,41.4,2.2000008,Europe/Madrid,13.0,4.8,115.0,18.4,47.0,20
air_quality,2026-06-01T10:49:28+00:00,3128760,Barcelona,ES,2026-06-03T05:00,41.4,2.2000008,Europe/Madrid,13.2,5.3,114.0,13.2,50.0,20
air_quality,2026-06-01T10:49:28+00:00,3128760,Barcelona,ES,2026-06-03T06:00,41.4,2.2000008,Europe/Madrid,11.0,4.3,120.0,13.8,48.0,19
air_quality,2026-06-01T10:49:28+00:00,3128760,Barcelona,ES,2026-06-03T07:00,41.4,2.2000008,Europe/Madrid,10.5,4.6,130.0,17.8,36.0,17
air_quality,2026-06-01T10:49:28+00:00,3128760,Barcelona,ES,2026-06-03T08:00,41.4,2.2000008,Europe/Madrid,11.1,5.9,142.0,26.6,37.0,16
air_quality,2026-06-01T10:49:28+00:00,3128760,Barcelona,ES,2026-06-03T09:00,41.4,2.2000008,Europe/Madrid,11.2,6.6,148.0,26.4,41.0,16
air_quality,2026-06-01T10:49:28+00:00,3128760,Barcelona,ES,2026-06-03T10:00,41.4,2.2000008,Europe/Madrid,12.2,6.5,153.0,26.0,43.0,17
air_quality,2026-06-01T10:49:28+00:00,3128760,Barcelona,ES,2026-06-03T11:00,41.4,2.2000008,Europe/Madrid,11.4,6.3,139.0,22.0,50.0,20
air_quality,2026-06-01T10:49:28+00:00,3128760,Barcelona,ES,2026-06-03T12:00,41.4,2.2000008,Europe/Madrid,10.6,5.7,126.0,15.0,60.0,24
air_quality,2026-06-01T10:49:28+00:00,3128760,Barcelona,ES,2026-06-03T13:00,41.4,2.2000008,Europe/Madrid,9.7,5.2,123.0,10.6,69.0,28
air_quality,2026-06-01T10:49:28+00:00,3128760,Barcelona,ES,2026-06-03T14:00,41.4,2.2000008,Europe/Madrid,9.6,5.4,123.0,8.3,74.0,30
air_quality,2026-06-01T10:49:28+00:00,3128760,Barcelona,ES,2026-06-03T15:00,41.4,2.2000008,Europe/Madrid,9.1,5.2,122.0,7.5,83.0,33
air_quality,2026-06-01T10:49:28+00:00,3128760,Barcelona,ES,2026-06-03T16:00,41.4,2.2000008,Europe/Madrid,9.1,5.0,119.0,8.1,88.0,35
air_quality,2026-06-01T10:49:28+00:00,3128760,Barcelona,ES,2026-06-03T17:00,41.4,2.2000008,Europe/Madrid,9.6,5.0,118.0,8.8,90.0,36
air_quality,2026-06-01T10:49:28+00:00,3128760,Barcelona,ES,2026-06-03T18:00,41.4,2.2000008,Europe/Madrid,10.8,4.9,119.0,10.2,87.0,35
air_quality,2026-06-01T10:49:28+00:00,3128760,Barcelona,ES,2026-06-03T19:00,41.4,2.2000008,Europe/Madrid,11.1,4.8,121.0,12.8,83.0,33
air_quality,2026-06-01T10:49:28+00:00,3128760,Barcelona,ES,2026-06-03T20:00,41.4,2.2000008,Europe/Madrid,11.2,4.9,122.0,15.8,78.0,31
air_quality,2026-06-01T10:49:28+00:00,3128760,Barcelona,ES,2026-06-03T21:00,41.4,2.2000008,Europe/Madrid,11.5,5.1,124.0,16.7,74.0,30
air_quality,2026-06-01T10:49:28+00:00,3128760,Barcelona,ES,2026-06-03T22:00,41.4,2.2000008,Europe/Madrid,11.2,4.8,125.0,24.2,71.0,28
air_quality,2026-06-01T10:49:28+00:00,3128760,Barcelona,ES,2026-06-03T23:00,41.4,2.2000008,Europe/Madrid,11.1,5.0,123.0,28.1,65.0,26
air_quality,2026-06-01T10:49:28+00:00,3128760,Barcelona,ES,2026-06-04T00:00,41.4,2.2000008,Europe/Madrid,14.0,7.3,122.2,22.5,63.8,23
air_quality,2026-06-01T10:49:28+00:00,3128760,Barcelona,ES,2026-06-04T01:00,41.4,2.2000008,Europe/Madrid,16.3,9.4,119.0,20.5,65.5,23
air_quality,2026-06-01T10:49:28+00:00,3128760,Barcelona,ES,2026-06-04T02:00,41.4,2.2000008,Europe/Madrid,17.3,10.5,115.5,12.9,72.0,26
air_quality,2026-06-01T10:49:28+00:00,3128760,Barcelona,ES,2026-06-04T03:00,41.4,2.2000008,Europe/Madrid,18.1,11.2,116.0,5.2,75.0,25
air_quality,2026-06-01T10:49:28+00:00,3128760,Barcelona,ES,2026-06-04T04:00,41.4,2.2000008,Europe/Madrid,17.4,10.7,119.0,4.8,72.0,29
air_quality,2026-06-01T10:49:28+00:00,3128760,Barcelona,ES,2026-06-04T05:00,41.4,2.2000008,Europe/Madrid,16.9,10.4,123.0,4.6,69.0,28
air_quality,2026-06-01T10:49:28+00:00,3128760,Barcelona,ES,2026-06-04T06:00,41.4,2.2000008,Europe/Madrid,17.6,10.9,127.0,5.1,67.0,27
air_quality,2026-06-01T10:49:28+00:00,3128760,Barcelona,ES,2026-06-04T07:00,41.4,2.2000008,Europe/Madrid,18.9,11.9,131.0,5.9,65.0,26
air_quality,2026-06-01T10:49:28+00:00,3128760,Barcelona,ES,2026-06-04T08:00,41.4,2.2000008,Europe/Madrid,18.5,11.7,132.0,6.2,66.0,26
air_quality,2026-06-01T10:49:28+00:00,3128760,Barcelona,ES,2026-06-04T09:00,41.4,2.2000008,Europe/Madrid,19.6,12.0,127.0,5.5,71.0,28
air_quality,2026-06-01T10:49:28+00:00,3128760,Barcelona,ES,2026-06-04T10:00,41.4,2.2000008,Europe/Madrid,19.8,12.1,120.0,4.2,78.0,31
air_quality,2026-06-01T10:49:28+00:00,3128760,Barcelona,ES,2026-06-04T11:00,41.4,2.2000008,Europe/Madrid,20.7,12.7,114.0,3.1,85.0,34
air_quality,2026-06-01T10:49:28+00:00,3128760,Barcelona,ES,2026-06-04T12:00,41.4,2.2000008,Europe/Madrid,21.8,13.5,112.0,2.4,90.0,36
air_quality,2026-06-01T10:49:28+00:00,3128760,Barcelona,ES,2026-06-04T13:00,41.4,2.2000008,Europe/Madrid,22.0,13.7,111.0,1.9,94.0,38
air_quality,2026-06-01T10:49:28+00:00,3128760,Barcelona,ES,2026-06-04T14:00,41.4,2.2000008,Europe/Madrid,21.9,13.6,111.0,1.6,97.0,39
air_quality,2026-06-01T10:49:28+00:00,3128760,Barcelona,ES,2026-06-04T15:00,41.4,2.2000008,Europe/Madrid,21.4,13.2,112.0,1.5,98.0,39
air_quality,2026-06-01T10:49:28+00:00,3128760,Barcelona,ES,2026-06-04T16:00,41.4,2.2000008,Europe/Madrid,21.5,13.4,114.0,1.6,97.0,39
air_quality,2026-06-01T10:49:28+00:00,3128760,Barcelona,ES,2026-06-04T17:00,41.4,2.2000008,Europe/Madrid,21.9,13.5,116.0,1.9,96.0,38
air_quality,2026-06-01T10:49:28+00:00,3128760,Barcelona,ES,2026-06-04T18:00,41.4,2.2000008,Europe/Madrid,21.9,13.6,119.0,2.5,95.0,38
air_quality,2026-06-01T10:49:28+00:00,3128760,Barcelona,ES,2026-06-04T19:00,41.4,2.2000008,Europe/Madrid,22.5,14.0,123.0,3.2,93.0,37
air_quality,2026-06-01T10:49:28+00:00,3128760,Barcelona,ES,2026-06-04T20:00,41.4,2.2000008,Europe/Madrid,22.9,14.3,125.0,4.0,90.0,36
air_quality,2026-06-01T10:49:28+00:00,3128760,Barcelona,ES,2026-06-04T21:00,41.4,2.2000008,Europe/Madrid,22.6,14.1,124.0,5.0,87.0,35
air_quality,2026-06-01T10:49:28+00:00,3128760,Barcelona,ES,2026-06-04T22:00,41.4,2.2000008,Europe/Madrid,22.2,13.9,120.0,6.0,83.0,33
air_quality,2026-06-01T10:49:28+00:00,3128760,Barcelona,ES,2026-06-04T23:00,41.4,2.2000008,Europe/Madrid,18.5,11.8,118.0,6.5,79.0,32
air_quality,2026-06-01T10:49:28+00:00,3128760,Barcelona,ES,2026-06-05T00:00,41.4,2.2000008,Europe/Madrid,12.4,7.9,117.0,6.0,73.0,29
air_quality,2026-06-01T10:49:28+00:00,3128760,Barcelona,ES,2026-06-05T01:00,41.4,2.2000008,Europe/Madrid,7.6,4.9,118.0,5.0,68.0,27
air_quality,2026-06-01T10:49:28+00:00,3128760,Barcelona,ES,2026-06-05T02:00,41.4,2.2000008,Europe/Madrid,6.8,4.4,117.8,4.1,64.0,26
air_quality,2026-06-01T10:49:28+00:00,3128760,Barcelona,ES,2026-06-05T03:00,41.4,2.2000008,Europe/Madrid,8.8,5.6,117.0,3.6,65.0,26
air_quality,2026-06-01T10:49:28+00:00,3128760,Barcelona,ES,2026-06-05T04:00,41.4,2.2000008,Europe/Madrid,10.7,6.8,115.8,3.3,69.0,28
air_quality,2026-06-01T10:49:28+00:00,3128760,Barcelona,ES,2026-06-05T05:00,41.4,2.2000008,Europe/Madrid,11.6,7.3,115.0,3.2,71.0,28
air_quality,2026-06-01T10:49:28+00:00,3128760,Barcelona,ES,2026-06-05T06:00,41.4,2.2000008,Europe/Madrid,12.4,7.9,116.0,3.6,70.0,28
air_quality,2026-06-01T10:49:28+00:00,3128760,Barcelona,ES,2026-06-05T07:00,41.4,2.2000008,Europe/Madrid,12.3,7.8,117.0,4.2,68.0,27
air_quality,2026-06-01T10:49:28+00:00,3128760,Barcelona,ES,2026-06-05T08:00,41.4,2.2000008,Europe/Madrid,12.5,8.0,118.0,4.9,67.0,27
air_quality,2026-06-01T10:49:28+00:00,3128760,Barcelona,ES,2026-06-05T09:00,41.4,2.2000008,Europe/Madrid,12.0,7.8,119.0,5.6,66.0,26
air_quality,2026-06-01T10:49:28+00:00,3128760,Barcelona,ES,2026-06-05T10:00,41.4,2.2000008,Europe/Madrid,12.0,7.9,121.0,6.4,66.0,26
air_quality,2026-06-01T10:49:28+00:00,3128760,Barcelona,ES,2026-06-05T11:00,41.4,2.2000008,Europe/Madrid,12.8,8.4,122.0,6.7,67.0,27
air_quality,2026-06-01T10:49:28+00:00,3128760,Barcelona,ES,2026-06-05T12:00,41.4,2.2000008,Europe/Madrid,13.0,8.6,122.0,6.2,70.0,28
air_quality,2026-06-01T10:49:28+00:00,3128760,Barcelona,ES,2026-06-05T13:00,41.4,2.2000008,Europe/Madrid,13.5,9.0,121.0,5.2,75.0,30
air_quality,2026-06-01T10:49:28+00:00,3128760,Barcelona,ES,2026-06-05T14:00,41.4,2.2000008,Europe/Madrid,14.2,9.5,120.0,4.3,80.0,32
air_quality,2026-06-01T10:49:28+00:00,3128760,Barcelona,ES,2026-06-05T15:00,41.4,2.2000008,Europe/Madrid,14.7,9.9,119.0,3.6,85.0,34
air_quality,2026-06-01T10:49:28+00:00,3128760,Barcelona,ES,2026-06-05T16:00,41.4,2.2000008,Europe/Madrid,15.3,10.2,117.0,3.0,90.0,36
air_quality,2026-06-01T10:49:28+00:00,3128760,Barcelona,ES,2026-06-05T17:00,41.4,2.2000008,Europe/Madrid,15.3,10.1,116.0,2.6,93.0,37
air_quality,2026-06-01T10:49:28+00:00,3128760,Barcelona,ES,2026-06-05T18:00,41.4,2.2000008,Europe/Madrid,14.5,9.4,114.0,2.6,93.0,37
air_quality,2026-06-01T10:49:28+00:00,3128760,Barcelona,ES,2026-06-05T19:00,41.4,2.2000008,Europe/Madrid,13.9,8.8,112.0,2.9,92.0,37
air_quality,2026-06-01T10:49:28+00:00,3128760,Barcelona,ES,2026-06-05T20:00,41.4,2.2000008,Europe/Madrid,13.6,8.4,111.0,3.4,90.0,36
air_quality,2026-06-01T10:49:28+00:00,3128760,Barcelona,ES,2026-06-05T21:00,41.4,2.2000008,Europe/Madrid,13.9,8.5,112.0,4.3,87.0,35
air_quality,2026-06-01T10:49:28+00:00,3128760,Barcelona,ES,2026-06-05T22:00,41.4,2.2000008,Europe/Madrid,14.3,8.8,113.0,5.4,84.0,34
air_quality,2026-06-01T10:49:28+00:00,3128760,Barcelona,ES,2026-06-05T23:00,41.4,2.2000008,Europe/Madrid,14.9,9.3,115.0,6.7,81.0,32
air_quality,2026-06-01T10:49:28+00:00,2509954,Valencia,ES,2026-06-01T00:00,39.5,-0.39999962,Europe/Madrid,19.4,11.1,127.0,34.7,59.0,25
air_quality,2026-06-01T10:49:28+00:00,2509954,Valencia,ES,2026-06-01T01:00,39.5,-0.39999962,Europe/Madrid,19.8,11.6,130.0,33.0,59.0,25
air_quality,2026-06-01T10:49:28+00:00,2509954,Valencia,ES,2026-06-01T02:00,39.5,-0.39999962,Europe/Madrid,20.8,12.1,128.0,30.4,63.0,25
air_quality,2026-06-01T10:49:28+00:00,2509954,Valencia,ES,2026-06-01T03:00,39.5,-0.39999962,Europe/Madrid,21.0,12.5,124.0,26.1,65.0,26
air_quality,2026-06-01T10:49:28+00:00,2509954,Valencia,ES,2026-06-01T04:00,39.5,-0.39999962,Europe/Madrid,20.5,12.3,126.0,21.7,61.0,25
air_quality,2026-06-01T10:49:28+00:00,2509954,Valencia,ES,2026-06-01T05:00,39.5,-0.39999962,Europe/Madrid,20.4,11.9,129.0,19.6,63.0,25
air_quality,2026-06-01T10:49:28+00:00,2509954,Valencia,ES,2026-06-01T06:00,39.5,-0.39999962,Europe/Madrid,20.1,11.4,131.0,16.6,64.0,26
air_quality,2026-06-01T10:49:28+00:00,2509954,Valencia,ES,2026-06-01T07:00,39.5,-0.39999962,Europe/Madrid,20.4,11.1,133.0,16.7,59.0,24
air_quality,2026-06-01T10:49:28+00:00,2509954,Valencia,ES,2026-06-01T08:00,39.5,-0.39999962,Europe/Madrid,20.1,11.1,135.0,22.3,63.0,25
air_quality,2026-06-01T10:49:28+00:00,2509954,Valencia,ES,2026-06-01T09:00,39.5,-0.39999962,Europe/Madrid,17.6,11.1,133.0,16.3,78.0,31
air_quality,2026-06-01T10:49:28+00:00,2509954,Valencia,ES,2026-06-01T10:00,39.5,-0.39999962,Europe/Madrid,17.2,11.0,127.0,10.6,90.0,36
air_quality,2026-06-01T10:49:28+00:00,2509954,Valencia,ES,2026-06-01T11:00,39.5,-0.39999962,Europe/Madrid,17.8,10.7,126.0,6.9,95.0,38
air_quality,2026-06-01T10:49:28+00:00,2509954,Valencia,ES,2026-06-01T12:00,39.5,-0.39999962,Europe/Madrid,18.7,10.3,125.0,4.6,97.0,39
air_quality,2026-06-01T10:49:28+00:00,2509954,Valencia,ES,2026-06-01T13:00,39.5,-0.39999962,Europe/Madrid,20.2,10.5,122.0,4.2,103.0,42
air_quality,2026-06-01T10:49:28+00:00,2509954,Valencia,ES,2026-06-01T14:00,39.5,-0.39999962,Europe/Madrid,20.5,11.4,120.0,4.3,113.0,49
air_quality,2026-06-01T10:49:28+00:00,2509954,Valencia,ES,2026-06-01T15:00,39.5,-0.39999962,Europe/Madrid,20.4,12.7,120.0,4.5,113.0,49
air_quality,2026-06-01T10:49:28+00:00,2509954,Valencia,ES,2026-06-01T16:00,39.5,-0.39999962,Europe/Madrid,20.0,12.9,120.0,5.2,108.0,45
air_quality,2026-06-01T10:49:28+00:00,2509954,Valencia,ES,2026-06-01T17:00,39.5,-0.39999962,Europe/Madrid,20.8,12.6,123.0,5.8,118.0,52
air_quality,2026-06-01T10:49:28+00:00,2509954,Valencia,ES,2026-06-01T18:00,39.5,-0.39999962,Europe/Madrid,19.7,11.7,126.0,6.1,114.0,49
air_quality,2026-06-01T10:49:28+00:00,2509954,Valencia,ES,2026-06-01T19:00,39.5,-0.39999962,Europe/Madrid,19.6,10.8,124.0,7.2,110.0,47
air_quality,2026-06-01T10:49:28+00:00,2509954,Valencia,ES,2026-06-01T20:00,39.5,-0.39999962,Europe/Madrid,18.9,10.7,123.0,9.6,105.0,43
air_quality,2026-06-01T10:49:28+00:00,2509954,Valencia,ES,2026-06-01T21:00,39.5,-0.39999962,Europe/Madrid,18.0,10.4,122.0,10.6,99.0,40
air_quality,2026-06-01T10:49:28+00:00,2509954,Valencia,ES,2026-06-01T22:00,39.5,-0.39999962,Europe/Madrid,17.9,10.2,122.0,10.1,97.0,39
air_quality,2026-06-01T10:49:28+00:00,2509954,Valencia,ES,2026-06-01T23:00,39.5,-0.39999962,Europe/Madrid,17.3,10.2,122.0,9.5,95.0,38
air_quality,2026-06-01T10:49:28+00:00,2509954,Valencia,ES,2026-06-02T00:00,39.5,-0.39999962,Europe/Madrid,17.3,10.7,125.0,10.7,93.0,37
air_quality,2026-06-01T10:49:28+00:00,2509954,Valencia,ES,2026-06-02T01:00,39.5,-0.39999962,Europe/Madrid,19.0,11.0,128.0,13.1,80.0,32
air_quality,2026-06-01T10:49:28+00:00,2509954,Valencia,ES,2026-06-02T02:00,39.5,-0.39999962,Europe/Madrid,19.7,11.1,132.0,18.3,66.0,26
air_quality,2026-06-01T10:49:28+00:00,2509954,Valencia,ES,2026-06-02T03:00,39.5,-0.39999962,Europe/Madrid,21.1,11.6,138.0,23.7,62.0,25
air_quality,2026-06-01T10:49:28+00:00,2509954,Valencia,ES,2026-06-02T04:00,39.5,-0.39999962,Europe/Madrid,22.6,12.1,140.0,28.6,58.0,23
air_quality,2026-06-01T10:49:28+00:00,2509954,Valencia,ES,2026-06-02T05:00,39.5,-0.39999962,Europe/Madrid,23.5,13.2,139.0,27.7,49.0,22
air_quality,2026-06-01T10:49:28+00:00,2509954,Valencia,ES,2026-06-02T06:00,39.5,-0.39999962,Europe/Madrid,25.5,13.3,141.0,29.0,38.0,23
air_quality,2026-06-01T10:49:28+00:00,2509954,Valencia,ES,2026-06-02T07:00,39.5,-0.39999962,Europe/Madrid,26.2,13.8,146.0,30.7,42.0,23
air_quality,2026-06-01T10:49:28+00:00,2509954,Valencia,ES,2026-06-02T08:00,39.5,-0.39999962,Europe/Madrid,28.0,14.0,154.0,33.9,39.0,23
air_quality,2026-06-01T10:49:28+00:00,2509954,Valencia,ES,2026-06-02T09:00,39.5,-0.39999962,Europe/Madrid,28.1,14.0,156.0,33.1,42.0,23
air_quality,2026-06-01T10:49:28+00:00,2509954,Valencia,ES,2026-06-02T10:00,39.5,-0.39999962,Europe/Madrid,24.2,14.0,150.0,28.7,57.0,23
air_quality,2026-06-01T10:49:28+00:00,2509954,Valencia,ES,2026-06-02T11:00,39.5,-0.39999962,Europe/Madrid,21.2,12.6,142.0,19.6,64.0,26
air_quality,2026-06-01T10:49:28+00:00,2509954,Valencia,ES,2026-06-02T12:00,39.5,-0.39999962,Europe/Madrid,20.5,12.7,131.0,10.8,86.0,34
air_quality,2026-06-01T10:49:28+00:00,2509954,Valencia,ES,2026-06-02T13:00,39.5,-0.39999962,Europe/Madrid,19.7,11.5,123.0,6.4,99.0,40
air_quality,2026-06-01T10:49:28+00:00,2509954,Valencia,ES,2026-06-02T14:00,39.5,-0.39999962,Europe/Madrid,19.1,10.8,119.0,4.6,105.0,43
air_quality,2026-06-01T10:49:28+00:00,2509954,Valencia,ES,2026-06-02T15:00,39.5,-0.39999962,Europe/Madrid,18.8,10.9,118.0,4.2,111.0,47
air_quality,2026-06-01T10:49:28+00:00,2509954,Valencia,ES,2026-06-02T16:00,39.5,-0.39999962,Europe/Madrid,18.7,11.3,117.0,4.1,113.0,49
air_quality,2026-06-01T10:49:28+00:00,2509954,Valencia,ES,2026-06-02T17:00,39.5,-0.39999962,Europe/Madrid,18.9,11.6,116.0,4.7,113.0,49
air_quality,2026-06-01T10:49:28+00:00,2509954,Valencia,ES,2026-06-02T18:00,39.5,-0.39999962,Europe/Madrid,19.1,11.6,119.0,6.3,113.0,49
air_quality,2026-06-01T10:49:28+00:00,2509954,Valencia,ES,2026-06-02T19:00,39.5,-0.39999962,Europe/Madrid,19.0,11.7,119.0,8.0,109.0,46
air_quality,2026-06-01T10:49:28+00:00,2509954,Valencia,ES,2026-06-02T20:00,39.5,-0.39999962,Europe/Madrid,19.2,11.8,119.0,11.6,105.0,43
air_quality,2026-06-01T10:49:28+00:00,2509954,Valencia,ES,2026-06-02T21:00,39.5,-0.39999962,Europe/Madrid,19.9,12.0,122.0,15.0,98.0,39
air_quality,2026-06-01T10:49:28+00:00,2509954,Valencia,ES,2026-06-02T22:00,39.5,-0.39999962,Europe/Madrid,21.9,11.9,121.0,15.9,93.0,37
air_quality,2026-06-01T10:49:28+00:00,2509954,Valencia,ES,2026-06-02T23:00,39.5,-0.39999962,Europe/Madrid,20.6,11.6,120.0,17.9,89.0,36
air_quality,2026-06-01T10:49:28+00:00,2509954,Valencia,ES,2026-06-03T00:00,39.5,-0.39999962,Europe/Madrid,15.7,10.3,119.0,15.0,82.0,33
air_quality,2026-06-01T10:49:28+00:00,2509954,Valencia,ES,2026-06-03T01:00,39.5,-0.39999962,Europe/Madrid,12.7,5.8,115.0,12.0,74.0,30
air_quality,2026-06-01T10:49:28+00:00,2509954,Valencia,ES,2026-06-03T02:00,39.5,-0.39999962,Europe/Madrid,14.2,7.0,109.0,8.8,78.0,31
air_quality,2026-06-01T10:49:28+00:00,2509954,Valencia,ES,2026-06-03T03:00,39.5,-0.39999962,Europe/Madrid,15.1,7.1,112.0,6.0,76.0,30
air_quality,2026-06-01T10:49:28+00:00,2509954,Valencia,ES,2026-06-03T04:00,39.5,-0.39999962,Europe/Madrid,11.4,4.6,112.0,5.7,72.0,29
air_quality,2026-06-01T10:49:28+00:00,2509954,Valencia,ES,2026-06-03T05:00,39.5,-0.39999962,Europe/Madrid,10.4,4.3,113.0,5.9,66.0,26
air_quality,2026-06-01T10:49:28+00:00,2509954,Valencia,ES,2026-06-03T06:00,39.5,-0.39999962,Europe/Madrid,10.2,4.5,113.0,6.5,65.0,26
air_quality,2026-06-01T10:49:28+00:00,2509954,Valencia,ES,2026-06-03T07:00,39.5,-0.39999962,Europe/Madrid,9.5,5.1,116.0,10.2,62.0,25
air_quality,2026-06-01T10:49:28+00:00,2509954,Valencia,ES,2026-06-03T08:00,39.5,-0.39999962,Europe/Madrid,9.4,5.7,121.0,13.8,56.0,22
air_quality,2026-06-01T10:49:28+00:00,2509954,Valencia,ES,2026-06-03T09:00,39.5,-0.39999962,Europe/Madrid,9.4,5.1,121.0,9.6,62.0,25
air_quality,2026-06-01T10:49:28+00:00,2509954,Valencia,ES,2026-06-03T10:00,39.5,-0.39999962,Europe/Madrid,9.3,4.3,119.0,8.2,65.0,26
air_quality,2026-06-01T10:49:28+00:00,2509954,Valencia,ES,2026-06-03T11:00,39.5,-0.39999962,Europe/Madrid,8.2,4.2,117.0,6.1,73.0,29
air_quality,2026-06-01T10:49:28+00:00,2509954,Valencia,ES,2026-06-03T12:00,39.5,-0.39999962,Europe/Madrid,9.0,5.2,113.0,4.2,80.0,32
air_quality,2026-06-01T10:49:28+00:00,2509954,Valencia,ES,2026-06-03T13:00,39.5,-0.39999962,Europe/Madrid,9.0,3.5,111.0,3.4,85.0,34
air_quality,2026-06-01T10:49:28+00:00,2509954,Valencia,ES,2026-06-03T14:00,39.5,-0.39999962,Europe/Madrid,12.1,3.9,110.0,3.0,88.0,35
air_quality,2026-06-01T10:49:28+00:00,2509954,Valencia,ES,2026-06-03T15:00,39.5,-0.39999962,Europe/Madrid,11.5,4.4,111.0,2.8,92.0,37
air_quality,2026-06-01T10:49:28+00:00,2509954,Valencia,ES,2026-06-03T16:00,39.5,-0.39999962,Europe/Madrid,12.4,5.0,109.0,2.9,93.0,37
air_quality,2026-06-01T10:49:28+00:00,2509954,Valencia,ES,2026-06-03T17:00,39.5,-0.39999962,Europe/Madrid,14.6,5.4,110.0,2.9,92.0,37
air_quality,2026-06-01T10:49:28+00:00,2509954,Valencia,ES,2026-06-03T18:00,39.5,-0.39999962,Europe/Madrid,16.4,5.3,110.0,3.5,85.0,34
air_quality,2026-06-01T10:49:28+00:00,2509954,Valencia,ES,2026-06-03T19:00,39.5,-0.39999962,Europe/Madrid,16.7,5.5,111.0,4.9,80.0,32
air_quality,2026-06-01T10:49:28+00:00,2509954,Valencia,ES,2026-06-03T20:00,39.5,-0.39999962,Europe/Madrid,19.0,5.8,112.0,5.6,76.0,30
air_quality,2026-06-01T10:49:28+00:00,2509954,Valencia,ES,2026-06-03T21:00,39.5,-0.39999962,Europe/Madrid,19.4,6.0,112.0,7.4,71.0,28
air_quality,2026-06-01T10:49:28+00:00,2509954,Valencia,ES,2026-06-03T22:00,39.5,-0.39999962,Europe/Madrid,19.9,6.2,111.0,11.0,68.0,27
air_quality,2026-06-01T10:49:28+00:00,2509954,Valencia,ES,2026-06-03T23:00,39.5,-0.39999962,Europe/Madrid,20.0,6.5,112.0,12.5,63.0,25
air_quality,2026-06-01T10:49:28+00:00,2509954,Valencia,ES,2026-06-04T00:00,39.5,-0.39999962,Europe/Madrid,19.5,7.9,112.8,13.7,56.2,23
air_quality,2026-06-01T10:49:28+00:00,2509954,Valencia,ES,2026-06-04T01:00,39.5,-0.39999962,Europe/Madrid,19.5,10.1,114.0,17.8,49.0,21
air_quality,2026-06-01T10:49:28+00:00,2509954,Valencia,ES,2026-06-04T02:00,39.5,-0.39999962,Europe/Madrid,20.2,12.9,115.0,22.6,40.0,20
air_quality,2026-06-01T10:49:28+00:00,2509954,Valencia,ES,2026-06-04T03:00,39.5,-0.39999962,Europe/Madrid,20.1,14.8,119.0,28.1,28.0,18
air_quality,2026-06-01T10:49:28+00:00,2509954,Valencia,ES,2026-06-04T04:00,39.5,-0.39999962,Europe/Madrid,18.3,14.2,124.0,29.5,20.0,20
air_quality,2026-06-01T10:49:28+00:00,2509954,Valencia,ES,2026-06-04T05:00,39.5,-0.39999962,Europe/Madrid,14.4,12.0,128.0,29.2,16.0,20
air_quality,2026-06-01T10:49:28+00:00,2509954,Valencia,ES,2026-06-04T06:00,39.5,-0.39999962,Europe/Madrid,11.7,10.3,131.0,26.1,15.0,20
air_quality,2026-06-01T10:49:28+00:00,2509954,Valencia,ES,2026-06-04T07:00,39.5,-0.39999962,Europe/Madrid,10.2,9.0,132.0,21.3,17.0,21
air_quality,2026-06-01T10:49:28+00:00,2509954,Valencia,ES,2026-06-04T08:00,39.5,-0.39999962,Europe/Madrid,9.7,8.4,133.0,17.0,24.0,21
air_quality,2026-06-01T10:49:28+00:00,2509954,Valencia,ES,2026-06-04T09:00,39.5,-0.39999962,Europe/Madrid,14.1,11.0,132.0,14.1,38.0,21
air_quality,2026-06-01T10:49:28+00:00,2509954,Valencia,ES,2026-06-04T10:00,39.5,-0.39999962,Europe/Madrid,17.7,12.7,131.0,11.7,56.0,22
air_quality,2026-06-01T10:49:28+00:00,2509954,Valencia,ES,2026-06-04T11:00,39.5,-0.39999962,Europe/Madrid,18.7,13.2,129.0,9.4,73.0,29
air_quality,2026-06-01T10:49:28+00:00,2509954,Valencia,ES,2026-06-04T12:00,39.5,-0.39999962,Europe/Madrid,20.1,14.1,127.0,6.9,88.0,35
air_quality,2026-06-01T10:49:28+00:00,2509954,Valencia,ES,2026-06-04T13:00,39.5,-0.39999962,Europe/Madrid,21.4,14.8,124.0,4.6,102.0,41
air_quality,2026-06-01T10:49:28+00:00,2509954,Valencia,ES,2026-06-04T14:00,39.5,-0.39999962,Europe/Madrid,21.5,14.9,122.0,2.9,113.0,49
air_quality,2026-06-01T10:49:28+00:00,2509954,Valencia,ES,2026-06-04T15:00,39.5,-0.39999962,Europe/Madrid,20.8,14.5,120.0,2.1,120.0,53
air_quality,2026-06-01T10:49:28+00:00,2509954,Valencia,ES,2026-06-04T16:00,39.5,-0.39999962,Europe/Madrid,20.4,14.2,119.0,1.9,123.0,55
air_quality,2026-06-01T10:49:28+00:00,2509954,Valencia,ES,2026-06-04T17:00,39.5,-0.39999962,Europe/Madrid,20.4,14.2,118.0,2.1,125.0,57
air_quality,2026-06-01T10:49:28+00:00,2509954,Valencia,ES,2026-06-04T18:00,39.5,-0.39999962,Europe/Madrid,20.8,14.6,117.0,2.9,125.0,57
air_quality,2026-06-01T10:49:28+00:00,2509954,Valencia,ES,2026-06-04T19:00,39.5,-0.39999962,Europe/Madrid,21.7,15.2,116.0,4.2,124.0,56
air_quality,2026-06-01T10:49:28+00:00,2509954,Valencia,ES,2026-06-04T20:00,39.5,-0.39999962,Europe/Madrid,21.7,15.3,115.0,5.1,120.0,53
air_quality,2026-06-01T10:49:28+00:00,2509954,Valencia,ES,2026-06-04T21:00,39.5,-0.39999962,Europe/Madrid,16.4,11.6,115.0,5.1,113.0,49
air_quality,2026-06-01T10:49:28+00:00,2509954,Valencia,ES,2026-06-04T22:00,39.5,-0.39999962,Europe/Madrid,12.5,8.9,116.0,4.8,104.0,43
air_quality,2026-06-01T10:49:28+00:00,2509954,Valencia,ES,2026-06-04T23:00,39.5,-0.39999962,Europe/Madrid,11.3,8.1,116.0,4.8,95.0,38
air_quality,2026-06-01T10:49:28+00:00,2509954,Valencia,ES,2026-06-05T00:00,39.5,-0.39999962,Europe/Madrid,11.8,8.5,114.0,5.6,88.0,35
air_quality,2026-06-01T10:49:28+00:00,2509954,Valencia,ES,2026-06-05T01:00,39.5,-0.39999962,Europe/Madrid,10.9,8.2,111.0,6.7,81.0,32
air_quality,2026-06-01T10:49:28+00:00,2509954,Valencia,ES,2026-06-05T02:00,39.5,-0.39999962,Europe/Madrid,11.5,8.3,112.8,7.3,75.0,30
air_quality,2026-06-01T10:49:28+00:00,2509954,Valencia,ES,2026-06-05T03:00,39.5,-0.39999962,Europe/Madrid,11.8,8.3,115.0,7.1,71.0,28
air_quality,2026-06-01T10:49:28+00:00,2509954,Valencia,ES,2026-06-05T04:00,39.5,-0.39999962,Europe/Madrid,11.2,7.9,116.0,6.4,69.0,28
air_quality,2026-06-01T10:49:28+00:00,2509954,Valencia,ES,2026-06-05T05:00,39.5,-0.39999962,Europe/Madrid,9.8,6.9,117.0,5.8,66.0,26
air_quality,2026-06-01T10:49:28+00:00,2509954,Valencia,ES,2026-06-05T06:00,39.5,-0.39999962,Europe/Madrid,9.3,6.6,117.0,5.7,61.0,24
air_quality,2026-06-01T10:49:28+00:00,2509954,Valencia,ES,2026-06-05T07:00,39.5,-0.39999962,Europe/Madrid,8.7,6.1,117.0,5.7,56.0,22
air_quality,2026-06-01T10:49:28+00:00,2509954,Valencia,ES,2026-06-05T08:00,39.5,-0.39999962,Europe/Madrid,8.2,5.4,117.0,5.5,55.0,22
air_quality,2026-06-01T10:49:28+00:00,2509954,Valencia,ES,2026-06-05T09:00,39.5,-0.39999962,Europe/Madrid,7.5,4.9,117.0,5.0,60.0,24
air_quality,2026-06-01T10:49:28+00:00,2509954,Valencia,ES,2026-06-05T10:00,39.5,-0.39999962,Europe/Madrid,6.8,4.5,116.0,4.3,69.0,28
air_quality,2026-06-01T10:49:28+00:00,2509954,Valencia,ES,2026-06-05T11:00,39.5,-0.39999962,Europe/Madrid,5.8,3.9,116.0,3.7,76.0,30
air_quality,2026-06-01T10:49:28+00:00,2509954,Valencia,ES,2026-06-05T12:00,39.5,-0.39999962,Europe/Madrid,5.7,3.8,116.0,3.3,78.0,31
air_quality,2026-06-01T10:49:28+00:00,2509954,Valencia,ES,2026-06-05T13:00,39.5,-0.39999962,Europe/Madrid,6.1,4.1,115.0,3.0,78.0,31
air_quality,2026-06-01T10:49:28+00:00,2509954,Valencia,ES,2026-06-05T14:00,39.5,-0.39999962,Europe/Madrid,7.2,4.8,115.0,2.8,78.0,31
air_quality,2026-06-01T10:49:28+00:00,2509954,Valencia,ES,2026-06-05T15:00,39.5,-0.39999962,Europe/Madrid,8.6,5.6,115.0,2.8,78.0,31
air_quality,2026-06-01T10:49:28+00:00,2509954,Valencia,ES,2026-06-05T16:00,39.5,-0.39999962,Europe/Madrid,9.7,6.3,114.0,3.0,78.0,31
air_quality,2026-06-01T10:49:28+00:00,2509954,Valencia,ES,2026-06-05T17:00,39.5,-0.39999962,Europe/Madrid,11.0,7.1,114.0,3.2,79.0,32
air_quality,2026-06-01T10:49:28+00:00,2509954,Valencia,ES,2026-06-05T18:00,39.5,-0.39999962,Europe/Madrid,13.4,8.6,114.0,3.6,80.0,32
air_quality,2026-06-01T10:49:28+00:00,2509954,Valencia,ES,2026-06-05T19:00,39.5,-0.39999962,Europe/Madrid,15.5,9.9,114.0,4.0,82.0,33
air_quality,2026-06-01T10:49:28+00:00,2509954,Valencia,ES,2026-06-05T20:00,39.5,-0.39999962,Europe/Madrid,19.0,12.2,114.0,4.4,83.0,33
air_quality,2026-06-01T10:49:28+00:00,2509954,Valencia,ES,2026-06-05T21:00,39.5,-0.39999962,Europe/Madrid,19.9,12.7,114.0,4.6,84.0,34
air_quality,2026-06-01T10:49:28+00:00,2509954,Valencia,ES,2026-06-05T22:00,39.5,-0.39999962,Europe/Madrid,21.2,13.6,114.0,4.8,84.0,34
air_quality,2026-06-01T10:49:28+00:00,2509954,Valencia,ES,2026-06-05T23:00,39.5,-0.39999962,Europe/Madrid,21.2,13.6,114.0,5.3,83.0,33
air_quality,2026-06-01T10:49:28+00:00,2510911,Seville,ES,2026-06-01T00:00,37.4,-6.0,Europe/Madrid,13.8,6.7,121.0,11.0,61.0,24
air_quality,2026-06-01T10:49:28+00:00,2510911,Seville,ES,2026-06-01T01:00,37.4,-6.0,Europe/Madrid,13.3,6.9,125.0,11.4,49.0,21
air_quality,2026-06-01T10:49:28+00:00,2510911,Seville,ES,2026-06-01T02:00,37.4,-6.0,Europe/Madrid,14.3,7.2,126.0,12.6,42.0,20
air_quality,2026-06-01T10:49:28+00:00,2510911,Seville,ES,2026-06-01T03:00,37.4,-6.0,Europe/Madrid,16.0,7.4,126.0,13.1,38.0,20
air_quality,2026-06-01T10:49:28+00:00,2510911,Seville,ES,2026-06-01T04:00,37.4,-6.0,Europe/Madrid,15.0,7.7,127.0,13.5,34.0,20
air_quality,2026-06-01T10:49:28+00:00,2510911,Seville,ES,2026-06-01T05:00,37.4,-6.0,Europe/Madrid,14.0,8.2,129.0,14.3,32.0,19
air_quality,2026-06-01T10:49:28+00:00,2510911,Seville,ES,2026-06-01T06:00,37.4,-6.0,Europe/Madrid,14.6,8.9,131.0,17.5,25.0,19
air_quality,2026-06-01T10:49:28+00:00,2510911,Seville,ES,2026-06-01T07:00,37.4,-6.0,Europe/Madrid,15.7,9.5,140.0,26.2,18.0,19
air_quality,2026-06-01T10:49:28+00:00,2510911,Seville,ES,2026-06-01T08:00,37.4,-6.0,Europe/Madrid,18.1,12.0,160.0,34.2,8.0,18
air_quality,2026-06-01T10:49:28+00:00,2510911,Seville,ES,2026-06-01T09:00,37.4,-6.0,Europe/Madrid,18.9,13.1,172.0,32.4,14.0,18
air_quality,2026-06-01T10:49:28+00:00,2510911,Seville,ES,2026-06-01T10:00,37.4,-6.0,Europe/Madrid,20.1,12.6,172.0,24.1,36.0,18
air_quality,2026-06-01T10:49:28+00:00,2510911,Seville,ES,2026-06-01T11:00,37.4,-6.0,Europe/Madrid,18.9,11.7,167.0,29.6,43.0,18
air_quality,2026-06-01T10:49:28+00:00,2510911,Seville,ES,2026-06-01T12:00,37.4,-6.0,Europe/Madrid,18.2,9.8,155.0,20.2,72.0,29
air_quality,2026-06-01T10:49:28+00:00,2510911,Seville,ES,2026-06-01T13:00,37.4,-6.0,Europe/Madrid,16.6,8.7,142.0,15.9,99.0,40
air_quality,2026-06-01T10:49:28+00:00,2510911,Seville,ES,2026-06-01T14:00,37.4,-6.0,Europe/Madrid,14.6,7.8,128.0,7.3,108.0,45
air_quality,2026-06-01T10:49:28+00:00,2510911,Seville,ES,2026-06-01T15:00,37.4,-6.0,Europe/Madrid,13.6,7.4,118.0,3.9,119.0,53
air_quality,2026-06-01T10:49:28+00:00,2510911,Seville,ES,2026-06-01T16:00,37.4,-6.0,Europe/Madrid,13.9,7.1,118.0,2.9,118.0,52
air_quality,2026-06-01T10:49:28+00:00,2510911,Seville,ES,2026-06-01T17:00,37.4,-6.0,Europe/Madrid,14.0,7.2,115.0,3.3,113.0,49
air_quality,2026-06-01T10:49:28+00:00,2510911,Seville,ES,2026-06-01T18:00,37.4,-6.0,Europe/Madrid,13.4,7.2,114.0,3.6,113.0,49
air_quality,2026-06-01T10:49:28+00:00,2510911,Seville,ES,2026-06-01T19:00,37.4,-6.0,Europe/Madrid,12.7,7.3,115.0,3.7,111.0,47
air_quality,2026-06-01T10:49:28+00:00,2510911,Seville,ES,2026-06-01T20:00,37.4,-6.0,Europe/Madrid,11.6,6.4,120.0,5.8,101.0,41
air_quality,2026-06-01T10:49:28+00:00,2510911,Seville,ES,2026-06-01T21:00,37.4,-6.0,Europe/Madrid,10.4,5.9,112.0,6.3,92.0,37
air_quality,2026-06-01T10:49:28+00:00,2510911,Seville,ES,2026-06-01T22:00,37.4,-6.0,Europe/Madrid,9.3,5.5,118.0,7.8,79.0,32
air_quality,2026-06-01T10:49:28+00:00,2510911,Seville,ES,2026-06-01T23:00,37.4,-6.0,Europe/Madrid,9.3,5.6,118.0,8.2,72.0,29
air_quality,2026-06-01T10:49:28+00:00,2510911,Seville,ES,2026-06-02T00:00,37.4,-6.0,Europe/Madrid,8.8,5.6,117.0,9.4,60.0,24
air_quality,2026-06-01T10:49:28+00:00,2510911,Seville,ES,2026-06-02T01:00,37.4,-6.0,Europe/Madrid,8.1,5.1,120.0,10.8,50.0,20
air_quality,2026-06-01T10:49:28+00:00,2510911,Seville,ES,2026-06-02T02:00,37.4,-6.0,Europe/Madrid,8.0,5.0,120.0,10.5,46.0,18
air_quality,2026-06-01T10:49:28+00:00,2510911,Seville,ES,2026-06-02T03:00,37.4,-6.0,Europe/Madrid,8.1,4.5,117.0,8.7,44.0,18
air_quality,2026-06-01T10:49:28+00:00,2510911,Seville,ES,2026-06-02T04:00,37.4,-6.0,Europe/Madrid,8.0,4.0,114.0,6.8,43.0,17
air_quality,2026-06-01T10:49:28+00:00,2510911,Seville,ES,2026-06-02T05:00,37.4,-6.0,Europe/Madrid,7.9,3.7,110.0,6.2,42.0,17
air_quality,2026-06-01T10:49:28+00:00,2510911,Seville,ES,2026-06-02T06:00,37.4,-6.0,Europe/Madrid,7.1,4.1,111.0,7.5,42.0,17
air_quality,2026-06-01T10:49:28+00:00,2510911,Seville,ES,2026-06-02T07:00,37.4,-6.0,Europe/Madrid,7.1,4.7,117.0,13.0,38.0,15
air_quality,2026-06-01T10:49:28+00:00,2510911,Seville,ES,2026-06-02T08:00,37.4,-6.0,Europe/Madrid,7.9,5.5,127.0,19.2,30.0,14
air_quality,2026-06-01T10:49:28+00:00,2510911,Seville,ES,2026-06-02T09:00,37.4,-6.0,Europe/Madrid,7.4,5.3,123.0,17.8,34.0,14
air_quality,2026-06-01T10:49:28+00:00,2510911,Seville,ES,2026-06-02T10:00,37.4,-6.0,Europe/Madrid,7.0,4.6,119.0,13.0,44.0,18
air_quality,2026-06-01T10:49:28+00:00,2510911,Seville,ES,2026-06-02T11:00,37.4,-6.0,Europe/Madrid,7.2,4.6,116.0,6.7,50.0,20
air_quality,2026-06-01T10:49:28+00:00,2510911,Seville,ES,2026-06-02T12:00,37.4,-6.0,Europe/Madrid,7.2,4.3,111.0,6.7,61.0,24
air_quality,2026-06-01T10:49:28+00:00,2510911,Seville,ES,2026-06-02T13:00,37.4,-6.0,Europe/Madrid,7.1,4.5,107.0,4.3,71.0,28
air_quality,2026-06-01T10:49:28+00:00,2510911,Seville,ES,2026-06-02T14:00,37.4,-6.0,Europe/Madrid,6.0,3.9,107.0,2.6,75.0,30
air_quality,2026-06-01T10:49:28+00:00,2510911,Seville,ES,2026-06-02T15:00,37.4,-6.0,Europe/Madrid,4.9,3.1,109.0,2.7,82.0,33
air_quality,2026-06-01T10:49:28+00:00,2510911,Seville,ES,2026-06-02T16:00,37.4,-6.0,Europe/Madrid,4.9,3.5,112.0,2.8,87.0,35
air_quality,2026-06-01T10:49:28+00:00,2510911,Seville,ES,2026-06-02T17:00,37.4,-6.0,Europe/Madrid,4.4,3.2,113.0,2.9,90.0,36
air_quality,2026-06-01T10:49:28+00:00,2510911,Seville,ES,2026-06-02T18:00,37.4,-6.0,Europe/Madrid,4.1,3.0,111.0,3.1,85.0,34
air_quality,2026-06-01T10:49:28+00:00,2510911,Seville,ES,2026-06-02T19:00,37.4,-6.0,Europe/Madrid,3.9,2.7,110.0,3.8,83.0,33
air_quality,2026-06-01T10:49:28+00:00,2510911,Seville,ES,2026-06-02T20:00,37.4,-6.0,Europe/Madrid,3.8,2.9,111.0,5.3,79.0,32
air_quality,2026-06-01T10:49:28+00:00,2510911,Seville,ES,2026-06-02T21:00,37.4,-6.0,Europe/Madrid,5.2,3.4,112.0,6.0,77.0,31
air_quality,2026-06-01T10:49:28+00:00,2510911,Seville,ES,2026-06-02T22:00,37.4,-6.0,Europe/Madrid,5.7,3.4,114.0,5.1,75.0,30
air_quality,2026-06-01T10:49:28+00:00,2510911,Seville,ES,2026-06-02T23:00,37.4,-6.0,Europe/Madrid,6.3,3.4,113.0,4.4,73.0,29
air_quality,2026-06-01T10:49:28+00:00,2510911,Seville,ES,2026-06-03T00:00,37.4,-6.0,Europe/Madrid,6.5,3.4,114.0,4.2,71.0,28
air_quality,2026-06-01T10:49:28+00:00,2510911,Seville,ES,2026-06-03T01:00,37.4,-6.0,Europe/Madrid,6.8,3.4,115.0,4.7,66.0,26
air_quality,2026-06-01T10:49:28+00:00,2510911,Seville,ES,2026-06-03T02:00,37.4,-6.0,Europe/Madrid,6.9,3.6,116.0,4.4,62.0,25
air_quality,2026-06-01T10:49:28+00:00,2510911,Seville,ES,2026-06-03T03:00,37.4,-6.0,Europe/Madrid,7.1,3.9,115.0,4.5,59.0,24
air_quality,2026-06-01T10:49:28+00:00,2510911,Seville,ES,2026-06-03T04:00,37.4,-6.0,Europe/Madrid,7.3,4.3,115.0,5.0,58.0,23
air_quality,2026-06-01T10:49:28+00:00,2510911,Seville,ES,2026-06-03T05:00,37.4,-6.0,Europe/Madrid,7.5,4.6,116.0,6.2,53.0,21
air_quality,2026-06-01T10:49:28+00:00,2510911,Seville,ES,2026-06-03T06:00,37.4,-6.0,Europe/Madrid,7.8,4.8,116.0,7.9,49.0,20
air_quality,2026-06-01T10:49:28+00:00,2510911,Seville,ES,2026-06-03T07:00,37.4,-6.0,Europe/Madrid,8.7,5.5,121.0,13.0,44.0,18
air_quality,2026-06-01T10:49:28+00:00,2510911,Seville,ES,2026-06-03T08:00,37.4,-6.0,Europe/Madrid,10.4,7.1,129.0,19.5,40.0,16
air_quality,2026-06-01T10:49:28+00:00,2510911,Seville,ES,2026-06-03T09:00,37.4,-6.0,Europe/Madrid,10.9,6.0,125.0,19.0,49.0,20
air_quality,2026-06-01T10:49:28+00:00,2510911,Seville,ES,2026-06-03T10:00,37.4,-6.0,Europe/Madrid,11.3,5.0,123.0,12.7,52.0,21
air_quality,2026-06-01T10:49:28+00:00,2510911,Seville,ES,2026-06-03T11:00,37.4,-6.0,Europe/Madrid,11.9,5.4,122.0,10.0,60.0,24
air_quality,2026-06-01T10:49:28+00:00,2510911,Seville,ES,2026-06-03T12:00,37.4,-6.0,Europe/Madrid,11.9,4.8,128.0,9.4,72.0,29
air_quality,2026-06-01T10:49:28+00:00,2510911,Seville,ES,2026-06-03T13:00,37.4,-6.0,Europe/Madrid,11.6,4.5,126.0,8.4,86.0,34
air_quality,2026-06-01T10:49:28+00:00,2510911,Seville,ES,2026-06-03T14:00,37.4,-6.0,Europe/Madrid,10.0,5.1,122.0,4.6,103.0,42
air_quality,2026-06-01T10:49:28+00:00,2510911,Seville,ES,2026-06-03T15:00,37.4,-6.0,Europe/Madrid,8.6,4.9,120.0,3.5,109.0,46
air_quality,2026-06-01T10:49:28+00:00,2510911,Seville,ES,2026-06-03T16:00,37.4,-6.0,Europe/Madrid,8.3,4.4,119.0,3.2,109.0,46
air_quality,2026-06-01T10:49:28+00:00,2510911,Seville,ES,2026-06-03T17:00,37.4,-6.0,Europe/Madrid,7.8,3.8,118.0,3.1,107.0,45
air_quality,2026-06-01T10:49:28+00:00,2510911,Seville,ES,2026-06-03T18:00,37.4,-6.0,Europe/Madrid,7.7,3.8,119.0,3.6,100.0,40
air_quality,2026-06-01T10:49:28+00:00,2510911,Seville,ES,2026-06-03T19:00,37.4,-6.0,Europe/Madrid,7.4,3.9,120.0,4.3,95.0,38
air_quality,2026-06-01T10:49:28+00:00,2510911,Seville,ES,2026-06-03T20:00,37.4,-6.0,Europe/Madrid,7.2,4.2,118.0,4.1,89.0,36
air_quality,2026-06-01T10:49:28+00:00,2510911,Seville,ES,2026-06-03T21:00,37.4,-6.0,Europe/Madrid,7.4,4.2,119.0,5.3,82.0,33
air_quality,2026-06-01T10:49:28+00:00,2510911,Seville,ES,2026-06-03T22:00,37.4,-6.0,Europe/Madrid,8.0,4.3,117.0,5.3,80.0,32
air_quality,2026-06-01T10:49:28+00:00,2510911,Seville,ES,2026-06-03T23:00,37.4,-6.0,Europe/Madrid,8.7,4.5,117.0,5.5,76.0,30
air_quality,2026-06-01T10:49:28+00:00,2510911,Seville,ES,2026-06-04T00:00,37.4,-6.0,Europe/Madrid,11.3,6.4,123.8,6.9,69.0,28
air_quality,2026-06-01T10:49:28+00:00,2510911,Seville,ES,2026-06-04T01:00,37.4,-6.0,Europe/Madrid,14.1,8.4,128.0,9.1,61.5,26
air_quality,2026-06-01T10:49:28+00:00,2510911,Seville,ES,2026-06-04T02:00,37.4,-6.0,Europe/Madrid,18.0,10.7,129.2,11.5,50.2,22
air_quality,2026-06-01T10:49:28+00:00,2510911,Seville,ES,2026-06-04T03:00,37.4,-6.0,Europe/Madrid,22.9,13.2,125.0,13.6,39.0,14
air_quality,2026-06-01T10:49:28+00:00,2510911,Seville,ES,2026-06-04T04:00,37.4,-6.0,Europe/Madrid,24.7,13.7,117.0,13.2,36.0,16
air_quality,2026-06-01T10:49:28+00:00,2510911,Seville,ES,2026-06-04T05:00,37.4,-6.0,Europe/Madrid,25.3,13.8,111.0,12.8,33.0,17
air_quality,2026-06-01T10:49:28+00:00,2510911,Seville,ES,2026-06-04T06:00,37.4,-6.0,Europe/Madrid,25.1,13.6,111.0,13.0,29.0,18
air_quality,2026-06-01T10:49:28+00:00,2510911,Seville,ES,2026-06-04T07:00,37.4,-6.0,Europe/Madrid,24.6,13.3,113.0,13.3,26.0,18
air_quality,2026-06-01T10:49:28+00:00,2510911,Seville,ES,2026-06-04T08:00,37.4,-6.0,Europe/Madrid,23.2,12.7,115.0,12.5,27.0,19
air_quality,2026-06-01T10:49:28+00:00,2510911,Seville,ES,2026-06-04T09:00,37.4,-6.0,Europe/Madrid,21.2,11.2,116.0,9.8,33.0,19
air_quality,2026-06-01T10:49:28+00:00,2510911,Seville,ES,2026-06-04T10:00,37.4,-6.0,Europe/Madrid,20.0,10.2,117.0,6.1,43.0,20
air_quality,2026-06-01T10:49:28+00:00,2510911,Seville,ES,2026-06-04T11:00,37.4,-6.0,Europe/Madrid,19.4,9.9,117.0,3.2,53.0,21
air_quality,2026-06-01T10:49:28+00:00,2510911,Seville,ES,2026-06-04T12:00,37.4,-6.0,Europe/Madrid,19.1,9.7,115.0,1.9,63.0,25
air_quality,2026-06-01T10:49:28+00:00,2510911,Seville,ES,2026-06-04T13:00,37.4,-6.0,Europe/Madrid,17.1,8.9,112.0,1.5,72.0,29
air_quality,2026-06-01T10:49:28+00:00,2510911,Seville,ES,2026-06-04T14:00,37.4,-6.0,Europe/Madrid,13.1,7.1,110.0,1.3,81.0,32
air_quality,2026-06-01T10:49:28+00:00,2510911,Seville,ES,2026-06-04T15:00,37.4,-6.0,Europe/Madrid,8.8,5.1,110.0,1.1,88.0,35
air_quality,2026-06-01T10:49:28+00:00,2510911,Seville,ES,2026-06-04T16:00,37.4,-6.0,Europe/Madrid,5.8,3.6,111.0,1.1,94.0,38
air_quality,2026-06-01T10:49:28+00:00,2510911,Seville,ES,2026-06-04T17:00,37.4,-6.0,Europe/Madrid,4.0,2.6,112.0,1.3,98.0,39
air_quality,2026-06-01T10:49:28+00:00,2510911,Seville,ES,2026-06-04T18:00,37.4,-6.0,Europe/Madrid,4.0,2.7,112.0,1.6,99.0,40
air_quality,2026-06-01T10:49:28+00:00,2510911,Seville,ES,2026-06-04T19:00,37.4,-6.0,Europe/Madrid,4.8,3.3,112.0,2.2,98.0,39
air_quality,2026-06-01T10:49:28+00:00,2510911,Seville,ES,2026-06-04T20:00,37.4,-6.0,Europe/Madrid,6.0,4.2,112.0,2.9,96.0,38
air_quality,2026-06-01T10:49:28+00:00,2510911,Seville,ES,2026-06-04T21:00,37.4,-6.0,Europe/Madrid,6.5,4.6,113.0,4.2,91.0,36
air_quality,2026-06-01T10:49:28+00:00,2510911,Seville,ES,2026-06-04T22:00,37.4,-6.0,Europe/Madrid,6.9,5.0,114.0,5.7,85.0,34
air_quality,2026-06-01T10:49:28+00:00,2510911,Seville,ES,2026-06-04T23:00,37.4,-6.0,Europe/Madrid,8.2,5.9,114.0,6.6,81.0,32
air_quality,2026-06-01T10:49:28+00:00,2510911,Seville,ES,2026-06-05T00:00,37.4,-6.0,Europe/Madrid,10.3,7.2,113.0,6.3,80.0,32
air_quality,2026-06-01T10:49:28+00:00,2510911,Seville,ES,2026-06-05T01:00,37.4,-6.0,Europe/Madrid,12.2,8.3,112.0,5.4,80.0,32
air_quality,2026-06-01T10:49:28+00:00,2510911,Seville,ES,2026-06-05T02:00,37.4,-6.0,Europe/Madrid,13.4,9.0,113.8,4.7,80.0,32
air_quality,2026-06-01T10:49:28+00:00,2510911,Seville,ES,2026-06-05T03:00,37.4,-6.0,Europe/Madrid,14.3,9.5,116.0,4.3,78.0,31
air_quality,2026-06-01T10:49:28+00:00,2510911,Seville,ES,2026-06-05T04:00,37.4,-6.0,Europe/Madrid,14.8,9.8,117.0,4.2,76.0,30
air_quality,2026-06-01T10:49:28+00:00,2510911,Seville,ES,2026-06-05T05:00,37.4,-6.0,Europe/Madrid,14.8,9.7,118.0,4.2,73.0,29
air_quality,2026-06-01T10:49:28+00:00,2510911,Seville,ES,2026-06-05T06:00,37.4,-6.0,Europe/Madrid,14.5,9.6,118.0,4.8,68.0,27
air_quality,2026-06-01T10:49:28+00:00,2510911,Seville,ES,2026-06-05T07:00,37.4,-6.0,Europe/Madrid,14.1,9.3,119.0,5.6,62.0,25
air_quality,2026-06-01T10:49:28+00:00,2510911,Seville,ES,2026-06-05T08:00,37.4,-6.0,Europe/Madrid,13.6,9.1,119.0,5.9,60.0,24
air_quality,2026-06-01T10:49:28+00:00,2510911,Seville,ES,2026-06-05T09:00,37.4,-6.0,Europe/Madrid,13.2,8.8,119.0,5.3,65.0,26
air_quality,2026-06-01T10:49:28+00:00,2510911,Seville,ES,2026-06-05T10:00,37.4,-6.0,Europe/Madrid,13.1,8.8,119.0,4.2,74.0,30
air_quality,2026-06-01T10:49:28+00:00,2510911,Seville,ES,2026-06-05T11:00,37.4,-6.0,Europe/Madrid,13.0,8.8,119.0,3.2,84.0,34
air_quality,2026-06-01T10:49:28+00:00,2510911,Seville,ES,2026-06-05T12:00,37.4,-6.0,Europe/Madrid,13.1,8.8,119.0,2.4,95.0,38
air_quality,2026-06-01T10:49:28+00:00,2510911,Seville,ES,2026-06-05T13:00,37.4,-6.0,Europe/Madrid,13.0,8.7,118.0,1.8,108.0,45
air_quality,2026-06-01T10:49:28+00:00,2510911,Seville,ES,2026-06-05T14:00,37.4,-6.0,Europe/Madrid,12.5,8.3,118.0,1.3,118.0,52
air_quality,2026-06-01T10:49:28+00:00,2510911,Seville,ES,2026-06-05T15:00,37.4,-6.0,Europe/Madrid,12.0,7.9,118.0,1.1,124.0,56
air_quality,2026-06-01T10:49:28+00:00,2510911,Seville,ES,2026-06-05T16:00,37.4,-6.0,Europe/Madrid,11.4,7.6,119.0,1.2,127.0,58
air_quality,2026-06-01T10:49:28+00:00,2510911,Seville,ES,2026-06-05T17:00,37.4,-6.0,Europe/Madrid,10.9,7.2,119.0,1.4,128.0,59
air_quality,2026-06-01T10:49:28+00:00,2510911,Seville,ES,2026-06-05T18:00,37.4,-6.0,Europe/Madrid,10.5,7.0,119.0,1.7,127.0,58
air_quality,2026-06-01T10:49:28+00:00,2510911,Seville,ES,2026-06-05T19:00,37.4,-6.0,Europe/Madrid,10.4,7.0,120.0,2.3,124.0,56
air_quality,2026-06-01T10:49:28+00:00,2510911,Seville,ES,2026-06-05T20:00,37.4,-6.0,Europe/Madrid,10.5,7.1,121.0,3.4,118.0,52
air_quality,2026-06-01T10:49:28+00:00,2510911,Seville,ES,2026-06-05T21:00,37.4,-6.0,Europe/Madrid,10.5,7.3,123.0,5.7,106.0,44
air_quality,2026-06-01T10:49:28+00:00,2510911,Seville,ES,2026-06-05T22:00,37.4,-6.0,Europe/Madrid,10.1,7.2,126.0,8.6,92.0,37
air_quality,2026-06-01T10:49:28+00:00,2510911,Seville,ES,2026-06-05T23:00,37.4,-6.0,Europe/Madrid,9.1,6.6,128.0,10.4,81.0,32
air_quality,2026-06-01T10:49:28+00:00,3128026,Bilbao,ES,2026-06-01T00:00,43.3,-2.8999996,Europe/Madrid,10.8,7.4,142.0,16.3,49.0,20
air_quality,2026-06-01T10:49:28+00:00,3128026,Bilbao,ES,2026-06-01T01:00,43.3,-2.8999996,Europe/Madrid,11.8,8.2,142.0,19.4,44.0,18
air_quality,2026-06-01T10:49:28+00:00,3128026,Bilbao,ES,2026-06-01T02:00,43.3,-2.8999996,Europe/Madrid,13.1,9.2,142.0,17.6,40.0,16
air_quality,2026-06-01T10:49:28+00:00,3128026,Bilbao,ES,2026-06-01T03:00,43.3,-2.8999996,Europe/Madrid,13.1,9.5,142.0,18.2,40.0,16
air_quality,2026-06-01T10:49:28+00:00,3128026,Bilbao,ES,2026-06-01T04:00,43.3,-2.8999996,Europe/Madrid,14.1,9.6,139.0,18.9,39.0,16
air_quality,2026-06-01T10:49:28+00:00,3128026,Bilbao,ES,2026-06-01T05:00,43.3,-2.8999996,Europe/Madrid,13.3,9.6,134.0,19.9,36.0,15
air_quality,2026-06-01T10:49:28+00:00,3128026,Bilbao,ES,2026-06-01T06:00,43.3,-2.8999996,Europe/Madrid,13.0,9.4,134.0,19.3,32.0,15
air_quality,2026-06-01T10:49:28+00:00,3128026,Bilbao,ES,2026-06-01T07:00,43.3,-2.8999996,Europe/Madrid,12.7,8.3,140.0,24.9,24.0,15
air_quality,2026-06-01T10:49:28+00:00,3128026,Bilbao,ES,2026-06-01T08:00,43.3,-2.8999996,Europe/Madrid,12.5,8.5,156.0,27.1,27.0,15
air_quality,2026-06-01T10:49:28+00:00,3128026,Bilbao,ES,2026-06-01T09:00,43.3,-2.8999996,Europe/Madrid,13.8,8.5,160.0,23.5,39.0,16
air_quality,2026-06-01T10:49:28+00:00,3128026,Bilbao,ES,2026-06-01T10:00,43.3,-2.8999996,Europe/Madrid,10.9,6.2,143.0,17.2,53.0,21
air_quality,2026-06-01T10:49:28+00:00,3128026,Bilbao,ES,2026-06-01T11:00,43.3,-2.8999996,Europe/Madrid,8.8,5.5,128.0,8.4,63.0,25
air_quality,2026-06-01T10:49:28+00:00,3128026,Bilbao,ES,2026-06-01T12:00,43.3,-2.8999996,Europe/Madrid,8.3,4.6,124.0,5.1,76.0,30
air_quality,2026-06-01T10:49:28+00:00,3128026,Bilbao,ES,2026-06-01T13:00,43.3,-2.8999996,Europe/Madrid,8.0,4.6,117.0,3.9,80.0,32
air_quality,2026-06-01T10:49:28+00:00,3128026,Bilbao,ES,2026-06-01T14:00,43.3,-2.8999996,Europe/Madrid,7.8,4.3,114.0,3.2,83.0,33
air_quality,2026-06-01T10:49:28+00:00,3128026,Bilbao,ES,2026-06-01T15:00,43.3,-2.8999996,Europe/Madrid,7.5,4.0,113.0,3.0,79.0,32
air_quality,2026-06-01T10:49:28+00:00,3128026,Bilbao,ES,2026-06-01T16:00,43.3,-2.8999996,Europe/Madrid,7.0,4.0,111.0,3.1,78.0,31
air_quality,2026-06-01T10:49:28+00:00,3128026,Bilbao,ES,2026-06-01T17:00,43.3,-2.8999996,Europe/Madrid,6.2,3.6,111.0,3.5,77.0,31
air_quality,2026-06-01T10:49:28+00:00,3128026,Bilbao,ES,2026-06-01T18:00,43.3,-2.8999996,Europe/Madrid,6.5,3.8,110.0,3.5,74.0,30
air_quality,2026-06-01T10:49:28+00:00,3128026,Bilbao,ES,2026-06-01T19:00,43.3,-2.8999996,Europe/Madrid,6.5,3.9,112.0,4.9,70.0,28
air_quality,2026-06-01T10:49:28+00:00,3128026,Bilbao,ES,2026-06-01T20:00,43.3,-2.8999996,Europe/Madrid,6.7,3.8,116.0,7.5,63.0,25
air_quality,2026-06-01T10:49:28+00:00,3128026,Bilbao,ES,2026-06-01T21:00,43.3,-2.8999996,Europe/Madrid,7.6,5.2,122.0,9.4,61.0,24
air_quality,2026-06-01T10:49:28+00:00,3128026,Bilbao,ES,2026-06-01T22:00,43.3,-2.8999996,Europe/Madrid,9.3,5.3,128.0,15.9,51.0,20
air_quality,2026-06-01T10:49:28+00:00,3128026,Bilbao,ES,2026-06-01T23:00,43.3,-2.8999996,Europe/Madrid,11.4,6.5,137.0,21.7,42.0,17
air_quality,2026-06-01T10:49:28+00:00,3128026,Bilbao,ES,2026-06-02T00:00,43.3,-2.8999996,Europe/Madrid,11.4,7.8,137.0,26.0,39.0,16
air_quality,2026-06-01T10:49:28+00:00,3128026,Bilbao,ES,2026-06-02T01:00,43.3,-2.8999996,Europe/Madrid,11.3,8.1,140.0,26.4,35.0,14
air_quality,2026-06-01T10:49:28+00:00,3128026,Bilbao,ES,2026-06-02T02:00,43.3,-2.8999996,Europe/Madrid,11.8,8.3,140.0,25.2,33.0,13
air_quality,2026-06-01T10:49:28+00:00,3128026,Bilbao,ES,2026-06-02T03:00,43.3,-2.8999996,Europe/Madrid,11.5,8.8,138.0,22.1,33.0,13
air_quality,2026-06-01T10:49:28+00:00,3128026,Bilbao,ES,2026-06-02T04:00,43.3,-2.8999996,Europe/Madrid,12.1,7.5,133.0,20.9,32.0,13
air_quality,2026-06-01T10:49:28+00:00,3128026,Bilbao,ES,2026-06-02T05:00,43.3,-2.8999996,Europe/Madrid,12.8,7.3,133.0,21.9,32.0,13
air_quality,2026-06-01T10:49:28+00:00,3128026,Bilbao,ES,2026-06-02T06:00,43.3,-2.8999996,Europe/Madrid,13.6,7.7,137.0,22.0,29.0,12
air_quality,2026-06-01T10:49:28+00:00,3128026,Bilbao,ES,2026-06-02T07:00,43.3,-2.8999996,Europe/Madrid,14.3,8.0,141.0,24.8,29.0,12
air_quality,2026-06-01T10:49:28+00:00,3128026,Bilbao,ES,2026-06-02T08:00,43.3,-2.8999996,Europe/Madrid,15.1,8.1,148.0,32.4,25.0,16
air_quality,2026-06-01T10:49:28+00:00,3128026,Bilbao,ES,2026-06-02T09:00,43.3,-2.8999996,Europe/Madrid,13.8,7.6,142.0,25.9,34.0,14
air_quality,2026-06-01T10:49:28+00:00,3128026,Bilbao,ES,2026-06-02T10:00,43.3,-2.8999996,Europe/Madrid,8.0,4.8,135.0,11.1,43.0,17
air_quality,2026-06-01T10:49:28+00:00,3128026,Bilbao,ES,2026-06-02T11:00,43.3,-2.8999996,Europe/Madrid,6.3,3.7,124.0,6.8,47.0,19
air_quality,2026-06-01T10:49:28+00:00,3128026,Bilbao,ES,2026-06-02T12:00,43.3,-2.8999996,Europe/Madrid,7.9,4.1,119.0,4.6,54.0,22
air_quality,2026-06-01T10:49:28+00:00,3128026,Bilbao,ES,2026-06-02T13:00,43.3,-2.8999996,Europe/Madrid,8.8,4.5,118.0,3.2,64.0,26
air_quality,2026-06-01T10:49:28+00:00,3128026,Bilbao,ES,2026-06-02T14:00,43.3,-2.8999996,Europe/Madrid,12.2,4.4,115.0,2.9,70.0,28
air_quality,2026-06-01T10:49:28+00:00,3128026,Bilbao,ES,2026-06-02T15:00,43.3,-2.8999996,Europe/Madrid,12.6,4.3,114.0,2.6,72.0,29
air_quality,2026-06-01T10:49:28+00:00,3128026,Bilbao,ES,2026-06-02T16:00,43.3,-2.8999996,Europe/Madrid,11.9,4.8,114.0,2.5,74.0,30
air_quality,2026-06-01T10:49:28+00:00,3128026,Bilbao,ES,2026-06-02T17:00,43.3,-2.8999996,Europe/Madrid,12.4,4.8,115.0,2.4,74.0,30
air_quality,2026-06-01T10:49:28+00:00,3128026,Bilbao,ES,2026-06-02T18:00,43.3,-2.8999996,Europe/Madrid,11.9,4.6,117.0,2.9,75.0,30
air_quality,2026-06-01T10:49:28+00:00,3128026,Bilbao,ES,2026-06-02T19:00,43.3,-2.8999996,Europe/Madrid,11.8,4.9,118.0,3.7,73.0,29
air_quality,2026-06-01T10:49:28+00:00,3128026,Bilbao,ES,2026-06-02T20:00,43.3,-2.8999996,Europe/Madrid,11.2,5.0,119.0,4.3,70.0,28
air_quality,2026-06-01T10:49:28+00:00,3128026,Bilbao,ES,2026-06-02T21:00,43.3,-2.8999996,Europe/Madrid,11.3,5.4,119.0,6.2,68.0,27
air_quality,2026-06-01T10:49:28+00:00,3128026,Bilbao,ES,2026-06-02T22:00,43.3,-2.8999996,Europe/Madrid,12.3,5.6,122.0,7.3,65.0,26
air_quality,2026-06-01T10:49:28+00:00,3128026,Bilbao,ES,2026-06-02T23:00,43.3,-2.8999996,Europe/Madrid,11.8,6.0,122.0,7.8,63.0,25
air_quality,2026-06-01T10:49:28+00:00,3128026,Bilbao,ES,2026-06-03T00:00,43.3,-2.8999996,Europe/Madrid,11.8,6.2,124.0,8.1,61.0,24
air_quality,2026-06-01T10:49:28+00:00,3128026,Bilbao,ES,2026-06-03T01:00,43.3,-2.8999996,Europe/Madrid,11.9,6.1,124.0,8.1,60.0,24
air_quality,2026-06-01T10:49:28+00:00,3128026,Bilbao,ES,2026-06-03T02:00,43.3,-2.8999996,Europe/Madrid,11.7,5.4,123.0,7.2,59.0,24
air_quality,2026-06-01T10:49:28+00:00,3128026,Bilbao,ES,2026-06-03T03:00,43.3,-2.8999996,Europe/Madrid,11.6,4.9,122.0,6.2,59.0,24
air_quality,2026-06-01T10:49:28+00:00,3128026,Bilbao,ES,2026-06-03T04:00,43.3,-2.8999996,Europe/Madrid,11.1,4.6,121.0,5.7,59.0,24
air_quality,2026-06-01T10:49:28+00:00,3128026,Bilbao,ES,2026-06-03T05:00,43.3,-2.8999996,Europe/Madrid,10.6,4.9,121.0,5.3,58.0,23
air_quality,2026-06-01T10:49:28+00:00,3128026,Bilbao,ES,2026-06-03T06:00,43.3,-2.8999996,Europe/Madrid,10.8,5.5,123.0,6.9,54.0,22
air_quality,2026-06-01T10:49:28+00:00,3128026,Bilbao,ES,2026-06-03T07:00,43.3,-2.8999996,Europe/Madrid,11.5,5.5,126.0,10.2,52.0,21
air_quality,2026-06-01T10:49:28+00:00,3128026,Bilbao,ES,2026-06-03T08:00,43.3,-2.8999996,Europe/Madrid,12.4,5.5,134.0,14.5,50.0,20
air_quality,2026-06-01T10:49:28+00:00,3128026,Bilbao,ES,2026-06-03T09:00,43.3,-2.8999996,Europe/Madrid,11.7,5.5,135.0,10.7,55.0,22
air_quality,2026-06-01T10:49:28+00:00,3128026,Bilbao,ES,2026-06-03T10:00,43.3,-2.8999996,Europe/Madrid,10.5,5.1,133.0,7.6,58.0,23
air_quality,2026-06-01T10:49:28+00:00,3128026,Bilbao,ES,2026-06-03T11:00,43.3,-2.8999996,Europe/Madrid,10.0,5.0,135.0,6.0,61.0,24
air_quality,2026-06-01T10:49:28+00:00,3128026,Bilbao,ES,2026-06-03T12:00,43.3,-2.8999996,Europe/Madrid,10.5,5.1,135.0,5.3,64.0,26
air_quality,2026-06-01T10:49:28+00:00,3128026,Bilbao,ES,2026-06-03T13:00,43.3,-2.8999996,Europe/Madrid,11.0,5.5,133.0,4.5,69.0,28
air_quality,2026-06-01T10:49:28+00:00,3128026,Bilbao,ES,2026-06-03T14:00,43.3,-2.8999996,Europe/Madrid,11.2,5.5,133.0,4.1,75.0,30
air_quality,2026-06-01T10:49:28+00:00,3128026,Bilbao,ES,2026-06-03T15:00,43.3,-2.8999996,Europe/Madrid,11.4,5.6,132.0,3.8,80.0,32
air_quality,2026-06-01T10:49:28+00:00,3128026,Bilbao,ES,2026-06-03T16:00,43.3,-2.8999996,Europe/Madrid,11.9,5.7,131.0,3.9,83.0,33
air_quality,2026-06-01T10:49:28+00:00,3128026,Bilbao,ES,2026-06-03T17:00,43.3,-2.8999996,Europe/Madrid,11.9,5.9,129.0,3.9,85.0,34
air_quality,2026-06-01T10:49:28+00:00,3128026,Bilbao,ES,2026-06-03T18:00,43.3,-2.8999996,Europe/Madrid,11.5,6.1,127.0,4.3,80.0,32
air_quality,2026-06-01T10:49:28+00:00,3128026,Bilbao,ES,2026-06-03T19:00,43.3,-2.8999996,Europe/Madrid,11.0,6.7,127.0,5.3,77.0,31
air_quality,2026-06-01T10:49:28+00:00,3128026,Bilbao,ES,2026-06-03T20:00,43.3,-2.8999996,Europe/Madrid,10.6,6.8,128.0,7.0,73.0,29
air_quality,2026-06-01T10:49:28+00:00,3128026,Bilbao,ES,2026-06-03T21:00,43.3,-2.8999996,Europe/Madrid,11.5,7.2,131.0,10.6,66.0,26
air_quality,2026-06-01T10:49:28+00:00,3128026,Bilbao,ES,2026-06-03T22:00,43.3,-2.8999996,Europe/Madrid,14.2,8.2,138.0,13.5,58.0,23
air_quality,2026-06-01T10:49:28+00:00,3128026,Bilbao,ES,2026-06-03T23:00,43.3,-2.8999996,Europe/Madrid,15.9,9.8,147.0,21.5,45.0,18
air_quality,2026-06-01T10:49:28+00:00,3128026,Bilbao,ES,2026-06-04T00:00,43.3,-2.8999996,Europe/Madrid,15.5,9.8,174.0,19.2,50.2,18
air_quality,2026-06-01T10:49:28+00:00,3128026,Bilbao,ES,2026-06-04T01:00,43.3,-2.8999996,Europe/Madrid,16.1,10.4,203.0,15.9,51.0,18
air_quality,2026-06-01T10:49:28+00:00,3128026,Bilbao,ES,2026-06-04T02:00,43.3,-2.8999996,Europe/Madrid,16.2,11.4,231.0,11.9,54.2,20
air_quality,2026-06-01T10:49:28+00:00,3128026,Bilbao,ES,2026-06-04T03:00,43.3,-2.8999996,Europe/Madrid,16.9,11.5,242.0,9.1,55.0,20
air_quality,2026-06-01T10:49:28+00:00,3128026,Bilbao,ES,2026-06-04T04:00,43.3,-2.8999996,Europe/Madrid,15.7,10.5,211.0,8.5,50.0,20
air_quality,2026-06-01T10:49:28+00:00,3128026,Bilbao,ES,2026-06-04T05:00,43.3,-2.8999996,Europe/Madrid,14.3,9.3,182.0,7.5,48.0,19
air_quality,2026-06-01T10:49:28+00:00,3128026,Bilbao,ES,2026-06-04T06:00,43.3,-2.8999996,Europe/Madrid,12.7,8.2,156.0,6.1,50.0,20
air_quality,2026-06-01T10:49:28+00:00,3128026,Bilbao,ES,2026-06-04T07:00,43.3,-2.8999996,Europe/Madrid,11.9,7.8,131.0,4.5,55.0,22
air_quality,2026-06-01T10:49:28+00:00,3128026,Bilbao,ES,2026-06-04T08:00,43.3,-2.8999996,Europe/Madrid,13.1,8.1,115.0,3.3,59.0,24
air_quality,2026-06-01T10:49:28+00:00,3128026,Bilbao,ES,2026-06-04T09:00,43.3,-2.8999996,Europe/Madrid,13.3,8.4,113.0,3.0,62.0,25
air_quality,2026-06-01T10:49:28+00:00,3128026,Bilbao,ES,2026-06-04T10:00,43.3,-2.8999996,Europe/Madrid,14.1,9.0,120.0,3.2,65.0,26
air_quality,2026-06-01T10:49:28+00:00,3128026,Bilbao,ES,2026-06-04T11:00,43.3,-2.8999996,Europe/Madrid,15.0,9.5,125.0,3.2,68.0,27
air_quality,2026-06-01T10:49:28+00:00,3128026,Bilbao,ES,2026-06-04T12:00,43.3,-2.8999996,Europe/Madrid,15.0,9.5,123.0,2.8,71.0,28
air_quality,2026-06-01T10:49:28+00:00,3128026,Bilbao,ES,2026-06-04T13:00,43.3,-2.8999996,Europe/Madrid,19.3,12.0,119.0,2.2,74.0,30
air_quality,2026-06-01T10:49:28+00:00,3128026,Bilbao,ES,2026-06-04T14:00,43.3,-2.8999996,Europe/Madrid,19.3,11.9,116.0,1.7,77.0,31
air_quality,2026-06-01T10:49:28+00:00,3128026,Bilbao,ES,2026-06-04T15:00,43.3,-2.8999996,Europe/Madrid,20.0,12.3,113.0,1.5,79.0,32
air_quality,2026-06-01T10:49:28+00:00,3128026,Bilbao,ES,2026-06-04T16:00,43.3,-2.8999996,Europe/Madrid,18.9,11.6,111.0,1.3,80.0,32
air_quality,2026-06-01T10:49:28+00:00,3128026,Bilbao,ES,2026-06-04T17:00,43.3,-2.8999996,Europe/Madrid,22.5,13.8,110.0,1.3,80.0,32
air_quality,2026-06-01T10:49:28+00:00,3128026,Bilbao,ES,2026-06-04T18:00,43.3,-2.8999996,Europe/Madrid,18.0,11.1,110.0,1.3,79.0,32
air_quality,2026-06-01T10:49:28+00:00,3128026,Bilbao,ES,2026-06-04T19:00,43.3,-2.8999996,Europe/Madrid,16.6,10.2,112.0,1.5,78.0,31
air_quality,2026-06-01T10:49:28+00:00,3128026,Bilbao,ES,2026-06-04T20:00,43.3,-2.8999996,Europe/Madrid,17.2,10.6,114.0,1.8,76.0,30
air_quality,2026-06-01T10:49:28+00:00,3128026,Bilbao,ES,2026-06-04T21:00,43.3,-2.8999996,Europe/Madrid,16.0,9.9,117.0,2.5,74.0,30
air_quality,2026-06-01T10:49:28+00:00,3128026,Bilbao,ES,2026-06-04T22:00,43.3,-2.8999996,Europe/Madrid,15.8,9.9,120.0,3.4,72.0,29
air_quality,2026-06-01T10:49:28+00:00,3128026,Bilbao,ES,2026-06-04T23:00,43.3,-2.8999996,Europe/Madrid,16.2,10.3,123.0,4.2,71.0,28
air_quality,2026-06-01T10:49:28+00:00,3128026,Bilbao,ES,2026-06-05T00:00,43.3,-2.8999996,Europe/Madrid,14.2,9.1,124.0,4.6,71.0,28
air_quality,2026-06-01T10:49:28+00:00,3128026,Bilbao,ES,2026-06-05T01:00,43.3,-2.8999996,Europe/Madrid,12.2,7.9,124.0,4.8,70.0,28
air_quality,2026-06-01T10:49:28+00:00,3128026,Bilbao,ES,2026-06-05T02:00,43.3,-2.8999996,Europe/Madrid,10.9,7.1,122.2,5.0,70.0,28
air_quality,2026-06-01T10:49:28+00:00,3128026,Bilbao,ES,2026-06-05T03:00,43.3,-2.8999996,Europe/Madrid,9.8,6.5,120.5,5.3,69.0,28
air_quality,2026-06-01T10:49:28+00:00,3128026,Bilbao,ES,2026-06-05T04:00,43.3,-2.8999996,Europe/Madrid,9.7,6.5,118.8,5.5,68.0,27
air_quality,2026-06-01T10:49:28+00:00,3128026,Bilbao,ES,2026-06-05T05:00,43.3,-2.8999996,Europe/Madrid,9.7,6.6,118.0,5.7,65.0,26
air_quality,2026-06-01T10:49:28+00:00,3128026,Bilbao,ES,2026-06-05T06:00,43.3,-2.8999996,Europe/Madrid,10.2,7.3,119.0,5.9,58.0,23
air_quality,2026-06-01T10:49:28+00:00,3128026,Bilbao,ES,2026-06-05T07:00,43.3,-2.8999996,Europe/Madrid,10.3,7.6,121.0,6.0,51.0,20
air_quality,2026-06-01T10:49:28+00:00,3128026,Bilbao,ES,2026-06-05T08:00,43.3,-2.8999996,Europe/Madrid,8.4,6.4,122.0,5.7,49.0,20
air_quality,2026-06-01T10:49:28+00:00,3128026,Bilbao,ES,2026-06-05T09:00,43.3,-2.8999996,Europe/Madrid,9.7,6.5,120.0,4.5,59.0,24
air_quality,2026-06-01T10:49:28+00:00,3128026,Bilbao,ES,2026-06-05T10:00,43.3,-2.8999996,Europe/Madrid,10.7,6.8,118.0,2.9,76.0,30
air_quality,2026-06-01T10:49:28+00:00,3128026,Bilbao,ES,2026-06-05T11:00,43.3,-2.8999996,Europe/Madrid,10.3,6.5,116.0,1.7,89.0,36
air_quality,2026-06-01T10:49:28+00:00,3128026,Bilbao,ES,2026-06-05T12:00,43.3,-2.8999996,Europe/Madrid,11.2,7.2,116.0,1.3,94.0,38
air_quality,2026-06-01T10:49:28+00:00,3128026,Bilbao,ES,2026-06-05T13:00,43.3,-2.8999996,Europe/Madrid,11.8,7.5,117.0,1.3,95.0,38
air_quality,2026-06-01T10:49:28+00:00,3128026,Bilbao,ES,2026-06-05T14:00,43.3,-2.8999996,Europe/Madrid,11.8,7.6,118.0,1.3,96.0,38
air_quality,2026-06-01T10:49:28+00:00,3128026,Bilbao,ES,2026-06-05T15:00,43.3,-2.8999996,Europe/Madrid,12.1,7.8,119.0,1.1,99.0,40
air_quality,2026-06-01T10:49:28+00:00,3128026,Bilbao,ES,2026-06-05T16:00,43.3,-2.8999996,Europe/Madrid,12.0,7.8,120.0,1.0,102.0,41
air_quality,2026-06-01T10:49:28+00:00,3128026,Bilbao,ES,2026-06-05T17:00,43.3,-2.8999996,Europe/Madrid,12.6,8.2,120.0,1.1,103.0,42
air_quality,2026-06-01T10:49:28+00:00,3128026,Bilbao,ES,2026-06-05T18:00,43.3,-2.8999996,Europe/Madrid,12.8,8.5,120.0,1.3,102.0,41
air_quality,2026-06-01T10:49:28+00:00,3128026,Bilbao,ES,2026-06-05T19:00,43.3,-2.8999996,Europe/Madrid,12.6,8.4,119.0,1.8,98.0,39
air_quality,2026-06-01T10:49:28+00:00,3128026,Bilbao,ES,2026-06-05T20:00,43.3,-2.8999996,Europe/Madrid,12.0,8.1,119.0,2.8,93.0,37
air_quality,2026-06-01T10:49:28+00:00,3128026,Bilbao,ES,2026-06-05T21:00,43.3,-2.8999996,Europe/Madrid,11.6,8.0,121.0,4.6,85.0,34
air_quality,2026-06-01T10:49:28+00:00,3128026,Bilbao,ES,2026-06-05T22:00,43.3,-2.8999996,Europe/Madrid,11.5,8.1,124.0,7.1,75.0,30
air_quality,2026-06-01T10:49:28+00:00,3128026,Bilbao,ES,2026-06-05T23:00,43.3,-2.8999996,Europe/Madrid,11.8,8.6,128.0,9.5,67.0,27
